/*
Navicat MySQL Data Transfer

Source Server         : 1.15.4.73
Source Server Version : 50722
Source Host           : 49.233.32.186:3306
Source Database       : lehe

Target Server Type    : MYSQL
Target Server Version : 50722
File Encoding         : 65001

Date: 2021-09-20 14:35:35
*/

SET
    FOREIGN_KEY_CHECKS = 0;

-- ----------------------------
-- Table structure for `account_role`
-- ----------------------------
DROP TABLE IF EXISTS `account_role`;
CREATE TABLE `account_role`
(
    `id`          varchar(32) NOT NULL COMMENT '主键',
    `account_id`  varchar(32)      DEFAULT NULL COMMENT '账号id',
    `role_id`     varchar(32)      DEFAULT NULL COMMENT '角色id',
    `creater_id`  varchar(32)      DEFAULT '' COMMENT '创建人id',
    `create_by`   varchar(200)     DEFAULT '' COMMENT '创建人姓名',
    `create_time` timestamp   NULL DEFAULT CURRENT_TIMESTAMP COMMENT '创建时间',
    `updater_id`  varchar(32)      DEFAULT '' COMMENT '修改人id',
    `update_by`   varchar(200)     DEFAULT '' COMMENT '修改人姓名',
    `update_time` timestamp   NULL DEFAULT CURRENT_TIMESTAMP ON UPDATE CURRENT_TIMESTAMP COMMENT '修改时间',
    PRIMARY KEY (`id`)
) ENGINE = InnoDB
  DEFAULT CHARSET = utf8mb4 COMMENT ='后台账号角色中间表';

-- ----------------------------
-- Records of account_role
-- ----------------------------
INSERT INTO `account_role`
VALUES ('106567837266481152', '97510994686775329', '105839387249479680', '', '', '2021-09-05 13:05:31', '', '',
        '2021-09-05 13:05:31');
INSERT INTO `account_role`
VALUES ('108649836575723520', '108649835707502592', '106118882577616896', '', '', '2021-09-05 13:05:31', '', '',
        '2021-09-05 13:05:31');
INSERT INTO `account_role`
VALUES ('208699780094758912', '108663193416503296', '107992614078255104', '', '', '2021-09-05 13:05:31', '', '',
        '2021-09-05 13:05:31');
INSERT INTO `account_role`
VALUES ('211584340860080128', '211584340310626304', '107992614078255104', '', '', '2021-09-05 13:05:31', '', '',
        '2021-09-05 13:05:31');
INSERT INTO `account_role`
VALUES ('211590597155229696', '211590596182151168', '107992614078255104', '', '', '2021-09-05 13:05:31', '', '',
        '2021-09-05 13:05:31');
INSERT INTO `account_role`
VALUES ('228977014680326144', '108650257893560320', '106118882577616896', '', '', '2021-09-05 13:05:32', '', '',
        '2021-09-05 13:05:32');

-- ----------------------------
-- Table structure for `account_role_permission`
-- ----------------------------
DROP TABLE IF EXISTS `account_role_permission`;
CREATE TABLE `account_role_permission`
(
    `id`            varchar(32) NOT NULL COMMENT '主键',
    `role_id`       varchar(32)      DEFAULT NULL COMMENT '角色id',
    `permission_id` varchar(32)      DEFAULT NULL COMMENT '权限id',
    `creater_id`    varchar(32)      DEFAULT '' COMMENT '创建人id',
    `create_by`     varchar(200)     DEFAULT '' COMMENT '创建人姓名',
    `create_time`   timestamp   NULL DEFAULT CURRENT_TIMESTAMP COMMENT '创建时间',
    `updater_id`    varchar(32)      DEFAULT '' COMMENT '修改人id',
    `update_by`     varchar(200)     DEFAULT '' COMMENT '修改人姓名',
    `update_time`   timestamp   NULL DEFAULT CURRENT_TIMESTAMP ON UPDATE CURRENT_TIMESTAMP COMMENT '修改时间',
    PRIMARY KEY (`id`)
) ENGINE = InnoDB
  DEFAULT CHARSET = utf8mb4 COMMENT ='角色权限表';

-- ----------------------------
-- Records of account_role_permission
-- ----------------------------
INSERT INTO `account_role_permission`
VALUES ('190629363958419456', '16457350655250432', '125909152017944576', '', '', '2021-09-05 13:08:32', '', '',
        '2021-09-20 12:16:55');
INSERT INTO `account_role_permission`
VALUES ('190629364008751104', '16457350655250432', '5129710648430592', '', '', '2021-09-05 13:08:32', '', '',
        '2021-09-20 12:16:55');
INSERT INTO `account_role_permission`
VALUES ('190629364084248576', '16457350655250432', '5129710648430593', '', '', '2021-09-05 13:08:32', '', '',
        '2021-09-20 12:16:56');
INSERT INTO `account_role_permission`
VALUES ('190629364134580224', '16457350655250432', '40238597734928384', '', '', '2021-09-05 13:08:32', '', '',
        '2021-09-20 12:16:56');
INSERT INTO `account_role_permission`
VALUES ('190629364323323904', '16457350655250432', '57009744761589760', '', '', '2021-09-05 13:08:32', '', '',
        '2021-09-20 12:16:56');
INSERT INTO `account_role_permission`
VALUES ('190629364394627072', '16457350655250432', '16392452747300864', '', '', '2021-09-05 13:08:32', '', '',
        '2021-09-20 12:16:56');
INSERT INTO `account_role_permission`
VALUES ('190629364428181504', '16457350655250432', '16392767785668608', '', '', '2021-09-05 13:08:33', '', '',
        '2021-09-20 12:16:56');
INSERT INTO `account_role_permission`
VALUES ('190629364457541632', '16457350655250432', '16439068543946752', '', '', '2021-09-05 13:08:33', '', '',
        '2021-09-20 12:16:56');
INSERT INTO `account_role_permission`
VALUES ('190629364495290368', '16457350655250432', '175808753877127169', '', '', '2021-09-05 13:08:33', '', '',
        '2021-09-20 12:16:56');
INSERT INTO `account_role_permission`
VALUES ('214188044415143936', '16457350655250432', '175808922710446081', '', '', '2021-09-05 13:08:33', '', '',
        '2021-09-20 12:16:56');
INSERT INTO `account_role_permission`
VALUES ('214188044486447104', '496138616573953', '125909152017944576', '', '', '2021-09-05 13:08:33', '', '',
        '2021-09-20 12:16:56');
INSERT INTO `account_role_permission`
VALUES ('214188044633247744', '496138616573953', '5129710648430592', '', '', '2021-09-05 13:08:33', '', '',
        '2021-09-20 12:16:56');
INSERT INTO `account_role_permission`
VALUES ('214188044738105344', '496138616573953', '5129710648430593', '', '', '2021-09-05 13:08:33', '', '',
        '2021-09-20 12:16:57');
INSERT INTO `account_role_permission`
VALUES ('214188044830380032', '496138616573953', '40238597734928384', '', '', '2021-09-05 13:08:33', '', '',
        '2021-09-20 12:16:57');
INSERT INTO `account_role_permission`
VALUES ('214188044914266112', '496138616573953', '43117268627886080', '', '', '2021-09-05 13:08:33', '', '',
        '2021-09-20 12:16:57');
INSERT INTO `account_role_permission`
VALUES ('214201279595941888', '496138616573953', '57009744761589760', '', '', '2021-09-05 13:08:33', '', '',
        '2021-09-20 12:16:57');
INSERT INTO `account_role_permission`
VALUES ('214201279688216576', '496138616573953', '56309618086776832', '', '', '2021-09-05 13:08:33', '', '',
        '2021-09-20 12:16:57');
INSERT INTO `account_role_permission`
VALUES ('214201279784685568', '496138616573953', '44986029924421632', '', '', '2021-09-05 13:08:33', '', '',
        '2021-09-20 12:16:57');
INSERT INTO `account_role_permission`
VALUES ('214201279851794432', '496138616573953', '5129710648430594', '', '', '2021-09-05 13:08:33', '', '',
        '2021-09-20 12:16:57');
INSERT INTO `account_role_permission`
VALUES ('214201279960846336', '496138616573953', '5129710648430595', '', '', '2021-09-05 13:08:33', '', '',
        '2021-09-20 12:16:57');
INSERT INTO `account_role_permission`
VALUES ('214201280044732416', '496138616573953', '75002207560273920', '', '', '2021-09-05 13:08:33', '', '',
        '2021-09-20 12:16:57');
INSERT INTO `account_role_permission`
VALUES ('214201280128618496', '496138616573953', '58480609315524608', '', '', '2021-09-05 13:08:34', '', '',
        '2021-09-20 12:16:57');
INSERT INTO `account_role_permission`
VALUES ('214201280195727360', '496138616573953', '76606430504816640', '', '', '2021-09-05 13:08:34', '', '',
        '2021-09-20 12:16:58');
INSERT INTO `account_role_permission`
VALUES ('214201280271224832', '496138616573953', '81558529864896512', '', '', '2021-09-05 13:08:34', '', '',
        '2021-09-20 12:16:58');
INSERT INTO `account_role_permission`
VALUES ('227960149069795328', '496138616573953', '84082369492946944', '', '', '2021-09-05 13:08:34', '', '',
        '2021-09-20 12:16:58');
INSERT INTO `account_role_permission`
VALUES ('227960149082378240', '496138616573953', '1337084109473845248', '', '', '2021-09-05 13:08:34', '', '',
        '2021-09-20 12:16:58');
INSERT INTO `account_role_permission`
VALUES ('227960149099155456', '496138616573953', '81716172680073216', '', '', '2021-09-05 13:08:34', '', '',
        '2021-09-20 12:16:58');
INSERT INTO `account_role_permission`
VALUES ('227960149120126976', '496138616573953', '84083562503999488', '', '', '2021-09-05 13:08:34', '', '',
        '2021-09-20 12:16:58');
INSERT INTO `account_role_permission`
VALUES ('227960149136904192', '496138616573953', '82269650301227008', '', '', '2021-09-05 13:08:34', '', '',
        '2021-09-20 12:16:58');
INSERT INTO `account_role_permission`
VALUES ('227960149153681408', '496138616573953', '81319435670917120', '', '', '2021-09-05 13:08:34', '', '',
        '2021-09-20 12:16:58');
INSERT INTO `account_role_permission`
VALUES ('227960149170458624', '496138616573953', '117806106536841216', '', '', '2021-09-05 13:08:34', '', '',
        '2021-09-20 12:16:58');
INSERT INTO `account_role_permission`
VALUES ('227960149187235840', '496138616573953', '76914082455752704', '', '', '2021-09-05 13:08:34', '', '',
        '2021-09-20 12:16:58');
INSERT INTO `account_role_permission`
VALUES ('227960149204013056', '496138616573953', '76607201262702592', '', '', '2021-09-05 13:08:34', '', '',
        '2021-09-20 12:16:58');
INSERT INTO `account_role_permission`
VALUES ('227960149220790272', '496138616573953', '80539147005071360', '', '', '2021-09-05 13:08:34', '', '',
        '2021-09-20 12:16:59');
INSERT INTO `account_role_permission`
VALUES ('227960149237567488', '496138616573953', '211251162815401984', '', '', '2021-09-05 13:08:34', '', '',
        '2021-09-20 12:16:59');
INSERT INTO `account_role_permission`
VALUES ('227960149254344704', '496138616573953', '211251678651879424', '', '', '2021-09-05 13:08:35', '', '',
        '2021-09-20 12:16:59');
INSERT INTO `account_role_permission`
VALUES ('227960149271121920', '496138616573953', '211652331387752448', '', '', '2021-09-05 13:08:35', '', '',
        '2021-09-20 12:16:59');
INSERT INTO `account_role_permission`
VALUES ('227960149287899136', '496138616573953', '39915540965232640', '', '', '2021-09-05 13:08:35', '', '',
        '2021-09-20 12:16:59');
INSERT INTO `account_role_permission`
VALUES ('227960149300482048', '496138616573953', '41370251991977984', '', '', '2021-09-05 13:08:35', '', '',
        '2021-09-20 12:16:59');
INSERT INTO `account_role_permission`
VALUES ('227960149317259264', '496138616573953', '41363147411427328', '', '', '2021-09-05 13:08:35', '', '',
        '2021-09-20 12:16:59');
INSERT INTO `account_role_permission`
VALUES ('227960149338230784', '496138616573953', '121426317022334976', '', '', '2021-09-05 13:08:35', '', '',
        '2021-09-20 12:16:59');
INSERT INTO `account_role_permission`
VALUES ('227960149355008000', '496138616573953', '149452775095275520', '', '', '2021-09-05 13:08:35', '', '',
        '2021-09-20 12:16:59');
INSERT INTO `account_role_permission`
VALUES ('227960149375979520', '496138616573953', '41371711400054784', '', '', '2021-09-05 13:08:35', '', '',
        '2021-09-20 12:16:59');
INSERT INTO `account_role_permission`
VALUES ('227960149392756736', '496138616573953', '39916171171991552', '', '', '2021-09-05 13:08:35', '', '',
        '2021-09-20 12:17:00');
INSERT INTO `account_role_permission`
VALUES ('227960149409533952', '496138616573953', '39918482854252544', '', '', '2021-09-05 13:08:35', '', '',
        '2021-09-20 12:17:00');
INSERT INTO `account_role_permission`
VALUES ('227960149426311168', '496138616573953', '102235632889237504', '', '', '2021-09-05 13:08:35', '', '',
        '2021-09-20 12:17:00');
INSERT INTO `account_role_permission`
VALUES ('227960149443088384', '496138616573953', '102237605176807424', '', '', '2021-09-05 13:08:35', '', '',
        '2021-09-20 12:17:00');
INSERT INTO `account_role_permission`
VALUES ('227960149459865600', '496138616573953', '102240052523831296', '', '', '2021-09-05 13:08:35', '', '',
        '2021-09-20 12:17:00');
INSERT INTO `account_role_permission`
VALUES ('227960149476642816', '496138616573953', '103658022701633536', '', '', '2021-09-05 13:08:35', '', '',
        '2021-09-20 12:17:00');
INSERT INTO `account_role_permission`
VALUES ('227960149493420032', '496138616573953', '41373430515240960', '', '', '2021-09-05 13:08:36', '', '',
        '2021-09-20 12:17:00');
INSERT INTO `account_role_permission`
VALUES ('227960149514391552', '496138616573953', '129033675403694080', '', '', '2021-09-05 13:08:36', '', '',
        '2021-09-20 12:17:00');
INSERT INTO `account_role_permission`
VALUES ('227960149526974464', '496138616573953', '41375330996326400', '', '', '2021-09-05 13:08:36', '', '',
        '2021-09-20 12:17:00');
INSERT INTO `account_role_permission`
VALUES ('227960149547945984', '496138616573953', '42082442672082944', '', '', '2021-09-05 13:08:36', '', '',
        '2021-09-20 12:17:00');
INSERT INTO `account_role_permission`
VALUES ('227960149564723200', '496138616573953', '41378916912336896', '', '', '2021-09-05 13:08:36', '', '',
        '2021-09-20 12:17:01');
INSERT INTO `account_role_permission`
VALUES ('227960149581500416', '496138616573953', '63741744973352960', '', '', '2021-09-05 13:08:36', '', '',
        '2021-09-20 12:17:01');
INSERT INTO `account_role_permission`
VALUES ('227960149598277632', '496138616573953', '41376192166629376', '', '', '2021-09-05 13:08:36', '', '',
        '2021-09-20 12:17:01');
INSERT INTO `account_role_permission`
VALUES ('227960149619249152', '496138616573953', '41377034236071936', '', '', '2021-09-05 13:08:36', '', '',
        '2021-09-20 12:17:01');
INSERT INTO `account_role_permission`
VALUES ('227960149627637760', '496138616573953', '56911328312299520', '', '', '2021-09-05 13:08:36', '', '',
        '2021-09-20 12:17:01');
INSERT INTO `account_role_permission`
VALUES ('227960149648609280', '496138616573953', '63482475359244288', '', '', '2021-09-05 13:08:36', '', '',
        '2021-09-20 12:17:01');
INSERT INTO `account_role_permission`
VALUES ('227960149665386496', '496138616573953', '64290663792906240', '', '', '2021-09-05 13:08:36', '', '',
        '2021-09-20 12:17:01');
INSERT INTO `account_role_permission`
VALUES ('227960149682163712', '496138616573953', '66790433014943744', '', '', '2021-09-05 13:08:36', '', '',
        '2021-09-20 12:17:01');
INSERT INTO `account_role_permission`
VALUES ('227960149698940928', '496138616573953', '210154306362413056', '', '', '2021-09-05 13:08:36', '', '',
        '2021-09-20 12:17:01');
INSERT INTO `account_role_permission`
VALUES ('227960149724106752', '496138616573953', '210155258859491329', '', '', '2021-09-05 13:08:36', '', '',
        '2021-09-20 12:17:01');
INSERT INTO `account_role_permission`
VALUES ('227960149740883968', '496138616573953', '210156371755143168', '', '', '2021-09-05 13:08:37', '', '',
        '2021-09-20 12:17:02');
INSERT INTO `account_role_permission`
VALUES ('227960149753466880', '496138616573953', '1348946449513189376', '', '', '2021-09-05 13:08:37', '', '',
        '2021-09-20 12:17:02');
INSERT INTO `account_role_permission`
VALUES ('227960149770244096', '496138616573953', '1348954596869017600', '', '', '2021-09-05 13:08:37', '', '',
        '2021-09-20 12:17:02');
INSERT INTO `account_role_permission`
VALUES ('227960149787021312', '496138616573953', '113602149589454848', '', '', '2021-09-05 13:08:37', '', '',
        '2021-09-20 12:17:02');
INSERT INTO `account_role_permission`
VALUES ('227960149803798528', '496138616573953', '113602342657462272', '', '', '2021-09-05 13:08:37', '', '',
        '2021-09-20 12:17:02');
INSERT INTO `account_role_permission`
VALUES ('227960149824770048', '496138616573953', '113603512293658624', '', '', '2021-09-05 13:08:37', '', '',
        '2021-09-20 12:17:02');
INSERT INTO `account_role_permission`
VALUES ('227960149841547264', '496138616573953', '113603617897844736', '', '', '2021-09-05 13:08:37', '', '',
        '2021-09-20 12:17:02');
INSERT INTO `account_role_permission`
VALUES ('227960149862518784', '496138616573953', '16392452747300864', '', '', '2021-09-05 13:08:37', '', '',
        '2021-09-20 12:17:02');
INSERT INTO `account_role_permission`
VALUES ('227960149879296000', '496138616573953', '16392767785668608', '', '', '2021-09-05 13:08:37', '', '',
        '2021-09-20 12:17:02');
INSERT INTO `account_role_permission`
VALUES ('227960149891878912', '496138616573953', '16438800255291392', '', '', '2021-09-05 13:08:37', '', '',
        '2021-09-20 12:17:02');
INSERT INTO `account_role_permission`
VALUES ('227960149908656128', '496138616573953', '16438962738434048', '', '', '2021-09-05 13:08:37', '', '',
        '2021-09-20 12:17:03');
INSERT INTO `account_role_permission`
VALUES ('452230334411444224', '496138616573953', '16439068543946752', '', '', '2021-09-20 12:15:29', '', '',
        '2021-09-20 12:17:03');
INSERT INTO `account_role_permission`
VALUES ('452230334415638528', '496138616573953', '175808753877127169', '', '', '2021-09-20 12:15:34', '', '',
        '2021-09-20 12:17:03');
INSERT INTO `account_role_permission`
VALUES ('452230334415638529', '496138616573953', '175808922710446081', '', '', '2021-09-20 12:15:34', '', '',
        '2021-09-20 12:17:03');
INSERT INTO `account_role_permission`
VALUES ('452230334415638530', '496138616573953', '127996320085446656', '', '', '2021-09-20 12:15:34', '', '',
        '2021-09-20 12:17:03');
INSERT INTO `account_role_permission`
VALUES ('452230334415638531', '496138616573953', '160509731956330496', '', '', '2021-09-20 12:15:34', '', '',
        '2021-09-20 12:17:03');
INSERT INTO `account_role_permission`
VALUES ('452230334415638532', '496138616573953', '160509918166650881', '', '', '2021-09-20 12:15:34', '', '',
        '2021-09-20 12:17:03');
INSERT INTO `account_role_permission`
VALUES ('452230334415638533', '496138616573953', '128366789653434368', '', '', '2021-09-20 12:15:34', '', '',
        '2021-09-20 12:17:03');
INSERT INTO `account_role_permission`
VALUES ('452230334415638534', '496138616573953', '128368112335589376', '', '', '2021-09-20 12:15:34', '', '',
        '2021-09-20 12:17:03');
INSERT INTO `account_role_permission`
VALUES ('452230334415638535', '496138616573953', '1251152298521006080', '', '', '2021-09-20 12:15:34', '', '',
        '2021-09-20 12:17:03');
INSERT INTO `account_role_permission`
VALUES ('452230334415638536', '496138616573953', '1251153074307862528', '', '', '2021-09-20 12:15:35', '', '',
        '2021-09-20 12:17:04');
INSERT INTO `account_role_permission`
VALUES ('452230334415638537', '496138616573953', '1251760630449442816', '', '', '2021-09-20 12:15:35', '', '',
        '2021-09-20 12:17:04');
INSERT INTO `account_role_permission`
VALUES ('452230334415638538', '496138616573953', '1251761480286736384', '', '', '2021-09-20 12:15:35', '', '',
        '2021-09-20 12:17:04');
INSERT INTO `account_role_permission`
VALUES ('452230334415638539', '496138616573953', '127995258721013760', '', '', '2021-09-20 12:15:35', '', '',
        '2021-09-20 12:17:04');
INSERT INTO `account_role_permission`
VALUES ('452230334415638540', '496138616573953', '128364633437245440', '', '', '2021-09-20 12:15:35', '', '',
        '2021-09-20 12:17:04');
INSERT INTO `account_role_permission`
VALUES ('452230334415638541', '496138616573953', '127996726786134016', '', '', '2021-09-20 12:15:35', '', '',
        '2021-09-20 12:17:04');
INSERT INTO `account_role_permission`
VALUES ('452230334415638542', '496138616573953', '127997001756315648', '', '', '2021-09-20 12:15:35', '', '',
        '2021-09-20 12:17:04');
INSERT INTO `account_role_permission`
VALUES ('452230334415638543', '496138616573952', '125909152017944576', '', '', '2021-09-20 12:15:35', '', '',
        '2021-09-20 12:17:05');
INSERT INTO `account_role_permission`
VALUES ('452230334415638544', '496138616573952', '5129710648430592', '', '', '2021-09-20 12:15:35', '', '',
        '2021-09-20 12:17:05');
INSERT INTO `account_role_permission`
VALUES ('452230334415638545', '496138616573952', '5129710648430593', '', '', '2021-09-20 12:15:35', '', '',
        '2021-09-20 12:17:05');
INSERT INTO `account_role_permission`
VALUES ('452230334415638546', '496138616573952', '15701400130424832', '', '', '2021-09-20 12:15:35', '', '',
        '2021-09-20 12:17:05');
INSERT INTO `account_role_permission`
VALUES ('452230334415638547', '496138616573952', '16678126574637056', '', '', '2021-09-20 12:15:36', '', '',
        '2021-09-20 12:17:05');
INSERT INTO `account_role_permission`
VALUES ('452230334415638548', '496138616573952', '15701915807518720', '', '', '2021-09-20 12:15:36', '', '',
        '2021-09-20 12:17:05');
INSERT INTO `account_role_permission`
VALUES ('452230334415638549', '496138616573952', '15708892205944832', '', '', '2021-09-20 12:15:36', '', '',
        '2021-09-20 12:17:05');
INSERT INTO `account_role_permission`
VALUES ('452230334415638550', '496138616573952', '16678447719911424', '', '', '2021-09-20 12:15:36', '', '',
        '2021-09-20 12:17:05');
INSERT INTO `account_role_permission`
VALUES ('452230334415638551', '496138616573952', '25014528525733888', '', '', '2021-09-20 12:15:36', '', '',
        '2021-09-20 12:17:05');
INSERT INTO `account_role_permission`
VALUES ('452230334415638552', '496138616573952', '56898976661639168', '', '', '2021-09-20 12:15:36', '', '',
        '2021-09-20 12:17:05');
INSERT INTO `account_role_permission`
VALUES ('452230334419832832', '496138616573952', '156365156580855808', '', '', '2021-09-20 12:15:36', '', '',
        '2021-09-20 12:17:06');
INSERT INTO `account_role_permission`
VALUES ('452230334419832833', '496138616573952', '40238597734928384', '', '', '2021-09-20 12:15:36', '', '',
        '2021-09-20 12:17:06');
INSERT INTO `account_role_permission`
VALUES ('452230334419832834', '496138616573952', '45235621697949696', '', '', '2021-09-20 12:15:36', '', '',
        '2021-09-20 12:17:06');
INSERT INTO `account_role_permission`
VALUES ('452230334419832835', '496138616573952', '45235787867885568', '', '', '2021-09-20 12:15:36', '', '',
        '2021-09-20 12:17:06');
INSERT INTO `account_role_permission`
VALUES ('452230334419832836', '496138616573952', '45235939278065664', '', '', '2021-09-20 12:15:37', '', '',
        '2021-09-20 12:17:06');
INSERT INTO `account_role_permission`
VALUES ('452230334419832837', '496138616573952', '43117268627886080', '', '', '2021-09-20 12:15:37', '', '',
        '2021-09-20 12:17:06');
INSERT INTO `account_role_permission`
VALUES ('452230334419832838', '496138616573952', '45236734832676864', '', '', '2021-09-20 12:15:37', '', '',
        '2021-09-20 12:17:06');
INSERT INTO `account_role_permission`
VALUES ('452230334419832839', '496138616573952', '45237010692050944', '', '', '2021-09-20 12:15:37', '', '',
        '2021-09-20 12:17:06');
INSERT INTO `account_role_permission`
VALUES ('452230334419832840', '496138616573952', '45237170029465600', '', '', '2021-09-20 12:15:37', '', '',
        '2021-09-20 12:17:06');
INSERT INTO `account_role_permission`
VALUES ('452230334419832841', '496138616573952', '57009544286441472', '', '', '2021-09-20 12:15:37', '', '',
        '2021-09-20 12:17:06');
INSERT INTO `account_role_permission`
VALUES ('452230334419832842', '496138616573952', '57009744761589760', '', '', '2021-09-20 12:15:37', '', '',
        '2021-09-20 12:17:07');
INSERT INTO `account_role_permission`
VALUES ('452230334419832843', '496138616573952', '57009981228060672', '', '', '2021-09-20 12:15:37', '', '',
        '2021-09-20 12:17:07');
INSERT INTO `account_role_permission`
VALUES ('452230334419832844', '496138616573952', '56309618086776832', '', '', '2021-09-20 12:15:37', '', '',
        '2021-09-20 12:17:07');
INSERT INTO `account_role_permission`
VALUES ('452230334419832845', '496138616573952', '57212882168844288', '', '', '2021-09-20 12:15:37', '', '',
        '2021-09-20 12:17:07');
INSERT INTO `account_role_permission`
VALUES ('452230334419832846', '496138616573952', '61560041605435392', '', '', '2021-09-20 12:15:38', '', '',
        '2021-09-20 12:17:07');
INSERT INTO `account_role_permission`
VALUES ('452230334419832847', '496138616573952', '61560275261722624', '', '', '2021-09-20 12:15:38', '', '',
        '2021-09-20 12:17:07');
INSERT INTO `account_role_permission`
VALUES ('452230334419832848', '496138616573952', '61560480518377472', '', '', '2021-09-20 12:15:38', '', '',
        '2021-09-20 12:17:07');
INSERT INTO `account_role_permission`
VALUES ('452230334419832849', '496138616573952', '44986029924421632', '', '', '2021-09-20 12:15:38', '', '',
        '2021-09-20 12:17:07');
INSERT INTO `account_role_permission`
VALUES ('452230334419832850', '496138616573952', '45235228800716800', '', '', '2021-09-20 12:15:38', '', '',
        '2021-09-20 12:17:07');
INSERT INTO `account_role_permission`
VALUES ('452230334419832851', '496138616573952', '45069342940860416', '', '', '2021-09-20 12:15:38', '', '',
        '2021-09-20 12:17:07');
INSERT INTO `account_role_permission`
VALUES ('452230334419832852', '496138616573952', '5129710648430594', '', '', '2021-09-20 12:15:38', '', '',
        '2021-09-20 12:17:07');
INSERT INTO `account_role_permission`
VALUES ('452230334419832853', '496138616573952', '16687383932047360', '', '', '2021-09-20 12:15:38', '', '',
        '2021-09-20 12:17:08');
INSERT INTO `account_role_permission`
VALUES ('452230334419832854', '496138616573952', '16689632049631232', '', '', '2021-09-20 12:15:38', '', '',
        '2021-09-20 12:17:08');
INSERT INTO `account_role_permission`
VALUES ('452230334419832855', '496138616573952', '16689745006432256', '', '', '2021-09-20 12:15:39', '', '',
        '2021-09-20 12:17:08');
INSERT INTO `account_role_permission`
VALUES ('452230334419832856', '496138616573952', '16689883993083904', '', '', '2021-09-20 12:15:39', '', '',
        '2021-09-20 12:17:08');
INSERT INTO `account_role_permission`
VALUES ('452230334419832857', '496138616573952', '16690313745666048', '', '', '2021-09-20 12:15:39', '', '',
        '2021-09-20 12:17:08');
INSERT INTO `account_role_permission`
VALUES ('452230334419832858', '496138616573952', '5129710648430595', '', '', '2021-09-20 12:15:39', '', '',
        '2021-09-20 12:17:08');
INSERT INTO `account_role_permission`
VALUES ('452230334419832859', '496138616573952', '16694861252005888', '', '', '2021-09-20 12:15:39', '', '',
        '2021-09-20 12:17:08');
INSERT INTO `account_role_permission`
VALUES ('452230334419832860', '496138616573952', '16695107491205120', '', '', '2021-09-20 12:15:39', '', '',
        '2021-09-20 12:17:08');
INSERT INTO `account_role_permission`
VALUES ('452230334419832861', '496138616573952', '16695243126607872', '', '', '2021-09-20 12:15:39', '', '',
        '2021-09-20 12:17:08');
INSERT INTO `account_role_permission`
VALUES ('452230334419832862', '496138616573952', '75002207560273920', '', '', '2021-09-20 12:15:39', '', '',
        '2021-09-20 12:17:08');
INSERT INTO `account_role_permission`
VALUES ('452230334419832863', '496138616573952', '76215889006956544', '', '', '2021-09-20 12:15:39', '', '',
        '2021-09-20 12:17:09');
INSERT INTO `account_role_permission`
VALUES ('452230334424027136', '496138616573952', '76216071333351424', '', '', '2021-09-20 12:15:39', '', '',
        '2021-09-20 12:17:09');
INSERT INTO `account_role_permission`
VALUES ('452230334424027137', '496138616573952', '76216264070008832', '', '', '2021-09-20 12:15:39', '', '',
        '2021-09-20 12:17:09');
INSERT INTO `account_role_permission`
VALUES ('452230334424027138', '496138616573952', '76216459709124608', '', '', '2021-09-20 12:15:40', '', '',
        '2021-09-20 12:17:09');
INSERT INTO `account_role_permission`
VALUES ('452230334424027139', '496138616573952', '76216594207870976', '', '', '2021-09-20 12:15:40', '', '',
        '2021-09-20 12:17:09');
INSERT INTO `account_role_permission`
VALUES ('452230334424027140', '496138616573952', '76216702639017984', '', '', '2021-09-20 12:15:40', '', '',
        '2021-09-20 12:17:09');
INSERT INTO `account_role_permission`
VALUES ('452230334424027141', '496138616573952', '58480609315524608', '', '', '2021-09-20 12:15:40', '', '',
        '2021-09-20 12:17:09');
INSERT INTO `account_role_permission`
VALUES ('452230334424027142', '496138616573952', '61394706252173312', '', '', '2021-09-20 12:15:40', '', '',
        '2021-09-20 12:17:09');
INSERT INTO `account_role_permission`
VALUES ('452230334424027143', '496138616573952', '61417744146370560', '', '', '2021-09-20 12:15:40', '', '',
        '2021-09-20 12:17:09');
INSERT INTO `account_role_permission`
VALUES ('452230334424027144', '496138616573952', '76606430504816640', '', '', '2021-09-20 12:15:40', '', '',
        '2021-09-20 12:17:09');
INSERT INTO `account_role_permission`
VALUES ('452230334424027145', '496138616573952', '81558529864896512', '', '', '2021-09-20 12:15:40', '', '',
        '2021-09-20 12:17:10');
INSERT INTO `account_role_permission`
VALUES ('452230334424027146', '496138616573952', '84082369492946944', '', '', '2021-09-20 12:15:40', '', '',
        '2021-09-20 12:17:10');
INSERT INTO `account_role_permission`
VALUES ('452230334424027147', '496138616573952', '1337084109473845248', '', '', '2021-09-20 12:15:40', '', '',
        '2021-09-20 12:17:10');
INSERT INTO `account_role_permission`
VALUES ('452230334424027148', '496138616573952', '1337084263631294465', '', '', '2021-09-20 12:15:41', '', '',
        '2021-09-20 12:17:10');
INSERT INTO `account_role_permission`
VALUES ('452230334424027149', '496138616573952', '84082920431554560', '', '', '2021-09-20 12:15:41', '', '',
        '2021-09-20 12:17:10');
INSERT INTO `account_role_permission`
VALUES ('452230334424027150', '496138616573952', '81716172680073216', '', '', '2021-09-20 12:15:41', '', '',
        '2021-09-20 12:17:10');
INSERT INTO `account_role_permission`
VALUES ('452230334424027151', '496138616573952', '84083562503999488', '', '', '2021-09-20 12:15:41', '', '',
        '2021-09-20 12:17:10');
INSERT INTO `account_role_permission`
VALUES ('452230334424027152', '496138616573952', '1254739560500432897', '', '', '2021-09-20 12:15:41', '', '',
        '2021-09-20 12:17:10');
INSERT INTO `account_role_permission`
VALUES ('452230334424027153', '496138616573952', '1254739666461134848', '', '', '2021-09-20 12:15:41', '', '',
        '2021-09-20 12:17:10');
INSERT INTO `account_role_permission`
VALUES ('452230334424027154', '496138616573952', '84083641302388736', '', '', '2021-09-20 12:15:41', '', '',
        '2021-09-20 12:17:10');
INSERT INTO `account_role_permission`
VALUES ('452230334424027155', '496138616573952', '113601631450304512', '', '', '2021-09-20 12:15:41', '', '',
        '2021-09-20 12:17:11');
INSERT INTO `account_role_permission`
VALUES ('452230334424027156', '496138616573952', '84084404707659776', '', '', '2021-09-20 12:15:41', '', '',
        '2021-09-20 12:17:11');
INSERT INTO `account_role_permission`
VALUES ('452230334424027157', '496138616573952', '82269650301227008', '', '', '2021-09-20 12:15:41', '', '',
        '2021-09-20 12:17:11');
INSERT INTO `account_role_permission`
VALUES ('452230334424027158', '496138616573952', '84084724590448640', '', '', '2021-09-20 12:15:42', '', '',
        '2021-09-20 12:17:11');
INSERT INTO `account_role_permission`
VALUES ('452230334424027159', '496138616573952', '81319435670917120', '', '', '2021-09-20 12:15:42', '', '',
        '2021-09-20 12:17:11');
INSERT INTO `account_role_permission`
VALUES ('452230334424027160', '496138616573952', '84084965817454592', '', '', '2021-09-20 12:15:42', '', '',
        '2021-09-20 12:17:11');
INSERT INTO `account_role_permission`
VALUES ('452230334424027161', '496138616573952', '117806106536841216', '', '', '2021-09-20 12:15:42', '', '',
        '2021-09-20 12:17:11');
INSERT INTO `account_role_permission`
VALUES ('452230334424027162', '496138616573952', '1337084380564295681', '', '', '2021-09-20 12:15:42', '', '',
        '2021-09-20 12:17:11');
INSERT INTO `account_role_permission`
VALUES ('452230334424027163', '496138616573952', '76914082455752704', '', '', '2021-09-20 12:15:42', '', '',
        '2021-09-20 12:17:11');
INSERT INTO `account_role_permission`
VALUES ('452230334424027164', '496138616573952', '84085542324539392', '', '', '2021-09-20 12:15:42', '', '',
        '2021-09-20 12:17:11');
INSERT INTO `account_role_permission`
VALUES ('452230334424027165', '496138616573952', '1337087041741131777', '', '', '2021-09-20 12:15:42', '', '',
        '2021-09-20 12:17:12');
INSERT INTO `account_role_permission`
VALUES ('452230334424027166', '496138616573952', '84085810797744128', '', '', '2021-09-20 12:15:42', '', '',
        '2021-09-20 12:17:12');
INSERT INTO `account_role_permission`
VALUES ('452230334424027167', '496138616573952', '84085980943880192', '', '', '2021-09-20 12:15:42', '', '',
        '2021-09-20 12:17:12');
INSERT INTO `account_role_permission`
VALUES ('452230334424027168', '496138616573952', '84086163001839616', '', '', '2021-09-20 12:15:43', '', '',
        '2021-09-20 12:17:12');
INSERT INTO `account_role_permission`
VALUES ('452230334424027169', '496138616573952', '84086362248056832', '', '', '2021-09-20 12:15:43', '', '',
        '2021-09-20 12:17:12');
INSERT INTO `account_role_permission`
VALUES ('452230334428221440', '496138616573952', '76607201262702592', '', '', '2021-09-20 12:15:43', '', '',
        '2021-09-20 12:17:12');
INSERT INTO `account_role_permission`
VALUES ('452230334428221441', '496138616573952', '84086882907983872', '', '', '2021-09-20 12:15:43', '', '',
        '2021-09-20 12:17:12');
INSERT INTO `account_role_permission`
VALUES ('452230334428221442', '496138616573952', '84087009940869120', '', '', '2021-09-20 12:15:43', '', '',
        '2021-09-20 12:17:12');
INSERT INTO `account_role_permission`
VALUES ('452230334428221443', '496138616573952', '84087154040377344', '', '', '2021-09-20 12:15:43', '', '',
        '2021-09-20 12:17:12');
INSERT INTO `account_role_permission`
VALUES ('452230334428221444', '496138616573952', '80539147005071360', '', '', '2021-09-20 12:15:43', '', '',
        '2021-09-20 12:17:12');
INSERT INTO `account_role_permission`
VALUES ('452230334428221445', '496138616573952', '84087344352727040', '', '', '2021-09-20 12:15:43', '', '',
        '2021-09-20 12:17:12');
INSERT INTO `account_role_permission`
VALUES ('452230334428221446', '496138616573952', '84087480852156416', '', '', '2021-09-20 12:15:43', '', '',
        '2021-09-20 12:17:13');
INSERT INTO `account_role_permission`
VALUES ('452230334428221447', '496138616573952', '84087593041399808', '', '', '2021-09-20 12:15:43', '', '',
        '2021-09-20 12:17:13');
INSERT INTO `account_role_permission`
VALUES ('452230515374690304', '496138616573952', '211251162815401984', '', '', '2021-09-20 12:16:01', '', '',
        '2021-09-20 12:17:13');
INSERT INTO `account_role_permission`
VALUES ('452230515378884608', '496138616573952', '211251678651879424', '', '', '2021-09-20 12:16:01', '', '',
        '2021-09-20 12:17:13');
INSERT INTO `account_role_permission`
VALUES ('452230515378884609', '496138616573952', '1337087257902977024', '', '', '2021-09-20 12:16:01', '', '',
        '2021-09-20 12:17:13');
INSERT INTO `account_role_permission`
VALUES ('452230515378884610', '496138616573952', '1337087482155634689', '', '', '2021-09-20 12:16:01', '', '',
        '2021-09-20 12:17:13');
INSERT INTO `account_role_permission`
VALUES ('452230515378884611', '496138616573952', '1337087364513796097', '', '', '2021-09-20 12:16:01', '', '',
        '2021-09-20 12:17:13');
INSERT INTO `account_role_permission`
VALUES ('452230515378884612', '496138616573952', '211652331387752448', '', '', '2021-09-20 12:16:02', '', '',
        '2021-09-20 12:17:13');
INSERT INTO `account_role_permission`
VALUES ('452230515378884613', '496138616573952', '1347151276110123008', '', '', '2021-09-20 12:16:02', '', '',
        '2021-09-20 12:17:13');
INSERT INTO `account_role_permission`
VALUES ('452230515378884614', '496138616573952', '1347154151167102977', '', '', '2021-09-20 12:16:02', '', '',
        '2021-09-20 12:17:13');
INSERT INTO `account_role_permission`
VALUES ('452230515378884615', '496138616573952', '1347154848814075905', '', '', '2021-09-20 12:16:02', '', '',
        '2021-09-20 12:17:14');
INSERT INTO `account_role_permission`
VALUES ('452230515378884616', '496138616573952', '1354853724400521217', '', '', '2021-09-20 12:16:02', '', '',
        '2021-09-20 12:17:14');
INSERT INTO `account_role_permission`
VALUES ('452230515378884617', '496138616573952', '1354853977182834688', '', '', '2021-09-20 12:16:02', '', '',
        '2021-09-20 12:17:14');
INSERT INTO `account_role_permission`
VALUES ('452230515378884618', '496138616573952', '1354854134687338496', '', '', '2021-09-20 12:16:02', '', '',
        '2021-09-20 12:17:14');
INSERT INTO `account_role_permission`
VALUES ('452230515378884619', '496138616573952', '39915540965232640', '', '', '2021-09-20 12:16:02', '', '',
        '2021-09-20 12:17:14');
INSERT INTO `account_role_permission`
VALUES ('452230515378884620', '496138616573952', '41370251991977984', '', '', '2021-09-20 12:16:02', '', '',
        '2021-09-20 12:17:14');
INSERT INTO `account_role_permission`
VALUES ('452230515378884621', '496138616573952', '45264987354042368', '', '', '2021-09-20 12:16:02', '', '',
        '2021-09-20 12:17:14');
INSERT INTO `account_role_permission`
VALUES ('452230515378884622', '496138616573952', '45265487029866496', '', '', '2021-09-20 12:16:02', '', '',
        '2021-09-20 12:17:14');
INSERT INTO `account_role_permission`
VALUES ('452230515378884623', '496138616573952', '45265762415284224', '', '', '2021-09-20 12:16:03', '', '',
        '2021-09-20 12:17:14');
INSERT INTO `account_role_permission`
VALUES ('452230515378884624', '496138616573952', '45265886315024384', '', '', '2021-09-20 12:16:03', '', '',
        '2021-09-20 12:17:14');
INSERT INTO `account_role_permission`
VALUES ('452230515378884625', '496138616573952', '45266070000373760', '', '', '2021-09-20 12:16:03', '', '',
        '2021-09-20 12:17:15');
INSERT INTO `account_role_permission`
VALUES ('452230515378884626', '496138616573952', '41363147411427328', '', '', '2021-09-20 12:16:03', '', '',
        '2021-09-20 12:17:15');
INSERT INTO `account_role_permission`
VALUES ('452230515378884627', '496138616573952', '41363537456533504', '', '', '2021-09-20 12:16:03', '', '',
        '2021-09-20 12:17:15');
INSERT INTO `account_role_permission`
VALUES ('452230515383078912', '496138616573952', '41364927394353152', '', '', '2021-09-20 12:16:03', '', '',
        '2021-09-20 12:17:15');
INSERT INTO `account_role_permission`
VALUES ('452230515383078913', '496138616573952', '121426317022334976', '', '', '2021-09-20 12:16:03', '', '',
        '2021-09-20 12:17:15');
INSERT INTO `account_role_permission`
VALUES ('452230515383078914', '496138616573952', '1337087799127576577', '', '', '2021-09-20 12:16:03', '', '',
        '2021-09-20 12:17:15');
INSERT INTO `account_role_permission`
VALUES ('452230515383078915', '496138616573952', '1337087867276627969', '', '', '2021-09-20 12:16:03', '', '',
        '2021-09-20 12:17:15');
INSERT INTO `account_role_permission`
VALUES ('452230515383078916', '496138616573952', '1337087940756639745', '', '', '2021-09-20 12:16:03', '', '',
        '2021-09-20 12:17:15');
INSERT INTO `account_role_permission`
VALUES ('452230515383078917', '496138616573952', '1337088037640867841', '', '', '2021-09-20 12:16:04', '', '',
        '2021-09-20 12:17:15');
INSERT INTO `account_role_permission`
VALUES ('452230515383078918', '496138616573952', '149452775095275520', '', '', '2021-09-20 12:16:04', '', '',
        '2021-09-20 12:17:15');
INSERT INTO `account_role_permission`
VALUES ('452230515383078919', '496138616573952', '41371711400054784', '', '', '2021-09-20 12:16:04', '', '',
        '2021-09-20 12:17:16');
INSERT INTO `account_role_permission`
VALUES ('452230515383078920', '496138616573952', '41469219249852416', '', '', '2021-09-20 12:16:04', '', '',
        '2021-09-20 12:17:16');
INSERT INTO `account_role_permission`
VALUES ('452230515383078921', '496138616573952', '39916171171991552', '', '', '2021-09-20 12:16:04', '', '',
        '2021-09-20 12:17:16');
INSERT INTO `account_role_permission`
VALUES ('452230515383078922', '496138616573952', '39918482854252544', '', '', '2021-09-20 12:16:04', '', '',
        '2021-09-20 12:17:16');
INSERT INTO `account_role_permission`
VALUES ('452230515383078923', '496138616573952', '102235632889237504', '', '', '2021-09-20 12:16:04', '', '',
        '2021-09-20 12:17:16');
INSERT INTO `account_role_permission`
VALUES ('452230515383078924', '496138616573952', '102237605176807424', '', '', '2021-09-20 12:16:04', '', '',
        '2021-09-20 12:17:16');
INSERT INTO `account_role_permission`
VALUES ('452230515383078925', '496138616573952', '102240052523831296', '', '', '2021-09-20 12:16:04', '', '',
        '2021-09-20 12:17:16');
INSERT INTO `account_role_permission`
VALUES ('452230515383078926', '496138616573952', '103658022701633536', '', '', '2021-09-20 12:16:04', '', '',
        '2021-09-20 12:17:16');
INSERT INTO `account_role_permission`
VALUES ('452230515383078927', '496138616573952', '41373430515240960', '', '', '2021-09-20 12:16:05', '', '',
        '2021-09-20 12:17:16');
INSERT INTO `account_role_permission`
VALUES ('452230515383078928', '496138616573952', '129033675403694080', '', '', '2021-09-20 12:16:05', '', '',
        '2021-09-20 12:17:16');
INSERT INTO `account_role_permission`
VALUES ('452230515383078929', '496138616573952', '41375330996326400', '', '', '2021-09-20 12:16:05', '', '',
        '2021-09-20 12:17:17');
INSERT INTO `account_role_permission`
VALUES ('452230515383078930', '496138616573952', '42082442672082944', '', '', '2021-09-20 12:16:05', '', '',
        '2021-09-20 12:17:17');
INSERT INTO `account_role_permission`
VALUES ('452230515383078931', '496138616573952', '41378916912336896', '', '', '2021-09-20 12:16:05', '', '',
        '2021-09-20 12:17:17');
INSERT INTO `account_role_permission`
VALUES ('452230515383078932', '496138616573952', '63741744973352960', '', '', '2021-09-20 12:16:05', '', '',
        '2021-09-20 12:17:17');
INSERT INTO `account_role_permission`
VALUES ('452230515383078933', '496138616573952', '41376192166629376', '', '', '2021-09-20 12:16:05', '', '',
        '2021-09-20 12:17:17');
INSERT INTO `account_role_permission`
VALUES ('452230515383078934', '496138616573952', '41377034236071936', '', '', '2021-09-20 12:16:05', '', '',
        '2021-09-20 12:17:17');
INSERT INTO `account_role_permission`
VALUES ('452230515383078935', '496138616573952', '56911328312299520', '', '', '2021-09-20 12:16:05', '', '',
        '2021-09-20 12:17:17');
INSERT INTO `account_role_permission`
VALUES ('452230515383078936', '496138616573952', '63482475359244288', '', '', '2021-09-20 12:16:05', '', '',
        '2021-09-20 12:17:17');
INSERT INTO `account_role_permission`
VALUES ('452230515383078937', '496138616573952', '64290663792906240', '', '', '2021-09-20 12:16:06', '', '',
        '2021-09-20 12:17:17');
INSERT INTO `account_role_permission`
VALUES ('452230515383078938', '496138616573952', '66790433014943744', '', '', '2021-09-20 12:16:06', '', '',
        '2021-09-20 12:17:17');
INSERT INTO `account_role_permission`
VALUES ('452230515383078939', '496138616573952', '210154306362413056', '', '', '2021-09-20 12:16:06', '', '',
        '2021-09-20 12:17:18');
INSERT INTO `account_role_permission`
VALUES ('452230515383078940', '496138616573952', '210155258859491329', '', '', '2021-09-20 12:16:06', '', '',
        '2021-09-20 12:17:18');
INSERT INTO `account_role_permission`
VALUES ('452230515383078941', '496138616573952', '210156371755143168', '', '', '2021-09-20 12:16:06', '', '',
        '2021-09-20 12:17:18');
INSERT INTO `account_role_permission`
VALUES ('452230515383078942', '496138616573952', '1348946449513189376', '', '', '2021-09-20 12:16:06', '', '',
        '2021-09-20 12:17:18');
INSERT INTO `account_role_permission`
VALUES ('452230515383078943', '496138616573952', '1348954596869017600', '', '', '2021-09-20 12:16:06', '', '',
        '2021-09-20 12:17:18');
INSERT INTO `account_role_permission`
VALUES ('452230515387273216', '496138616573952', '113602149589454848', '', '', '2021-09-20 12:16:06', '', '',
        '2021-09-20 12:17:18');
INSERT INTO `account_role_permission`
VALUES ('452230515387273217', '496138616573952', '113602342657462272', '', '', '2021-09-20 12:16:06', '', '',
        '2021-09-20 12:17:18');
INSERT INTO `account_role_permission`
VALUES ('452230515387273218', '496138616573952', '113603512293658624', '', '', '2021-09-20 12:16:07', '', '',
        '2021-09-20 12:17:18');
INSERT INTO `account_role_permission`
VALUES ('452230515387273219', '496138616573952', '113603617897844736', '', '', '2021-09-20 12:16:07', '', '',
        '2021-09-20 12:17:18');
INSERT INTO `account_role_permission`
VALUES ('452230515387273220', '496138616573952', '16392452747300864', '', '', '2021-09-20 12:16:07', '', '',
        '2021-09-20 12:17:18');
INSERT INTO `account_role_permission`
VALUES ('452230515387273221', '496138616573952', '16392767785668608', '', '', '2021-09-20 12:16:07', '', '',
        '2021-09-20 12:17:19');
INSERT INTO `account_role_permission`
VALUES ('452230515387273222', '496138616573952', '16438800255291392', '', '', '2021-09-20 12:16:07', '', '',
        '2021-09-20 12:17:19');
INSERT INTO `account_role_permission`
VALUES ('452230515387273223', '496138616573952', '16438962738434048', '', '', '2021-09-20 12:16:07', '', '',
        '2021-09-20 12:17:19');
INSERT INTO `account_role_permission`
VALUES ('452230515387273224', '496138616573952', '16439068543946752', '', '', '2021-09-20 12:16:07', '', '',
        '2021-09-20 12:17:19');
INSERT INTO `account_role_permission`
VALUES ('452230515387273225', '496138616573952', '175808753877127169', '', '', '2021-09-20 12:16:07', '', '',
        '2021-09-20 12:17:19');
INSERT INTO `account_role_permission`
VALUES ('452230515387273226', '496138616573952', '175808922710446081', '', '', '2021-09-20 12:16:07', '', '',
        '2021-09-20 12:17:19');
INSERT INTO `account_role_permission`
VALUES ('452230515387273227', '496138616573952', '127996320085446656', '', '', '2021-09-20 12:16:07', '', '',
        '2021-09-20 12:17:19');
INSERT INTO `account_role_permission`
VALUES ('452230515387273228', '496138616573952', '160509731956330496', '', '', '2021-09-20 12:16:08', '', '',
        '2021-09-20 12:17:19');
INSERT INTO `account_role_permission`
VALUES ('452230515387273229', '496138616573952', '160509918166650881', '', '', '2021-09-20 12:16:08', '', '',
        '2021-09-20 12:17:19');
INSERT INTO `account_role_permission`
VALUES ('452230515387273230', '496138616573952', '128366789653434368', '', '', '2021-09-20 12:16:08', '', '',
        '2021-09-20 12:17:19');
INSERT INTO `account_role_permission`
VALUES ('452230515387273231', '496138616573952', '128368112335589376', '', '', '2021-09-20 12:16:08', '', '',
        '2021-09-20 12:17:20');
INSERT INTO `account_role_permission`
VALUES ('452230515387273232', '496138616573952', '1251152298521006080', '', '', '2021-09-20 12:16:08', '', '',
        '2021-09-20 12:17:20');
INSERT INTO `account_role_permission`
VALUES ('452230515387273233', '496138616573952', '1251153074307862528', '', '', '2021-09-20 12:16:08', '', '',
        '2021-09-20 12:17:20');
INSERT INTO `account_role_permission`
VALUES ('452230515387273234', '496138616573952', '1337088390826430465', '', '', '2021-09-20 12:16:08', '', '',
        '2021-09-20 12:17:20');
INSERT INTO `account_role_permission`
VALUES ('452230515387273235', '496138616573952', '1337088472535666689', '', '', '2021-09-20 12:16:08', '', '',
        '2021-09-20 12:17:20');
INSERT INTO `account_role_permission`
VALUES ('452230515387273236', '496138616573952', '1337088563610783745', '', '', '2021-09-20 12:16:08', '', '',
        '2021-09-20 12:17:20');
INSERT INTO `account_role_permission`
VALUES ('452230515387273237', '496138616573952', '1251760630449442816', '', '', '2021-09-20 12:16:08', '', '',
        '2021-09-20 12:17:20');
INSERT INTO `account_role_permission`
VALUES ('452230515387273238', '496138616573952', '1251761480286736384', '', '', '2021-09-20 12:16:09', '', '',
        '2021-09-20 12:17:20');
INSERT INTO `account_role_permission`
VALUES ('452230515387273239', '496138616573952', '1398216161723813889', '', '', '2021-09-20 12:16:09', '', '',
        '2021-09-20 12:17:20');
INSERT INTO `account_role_permission`
VALUES ('452230515387273240', '496138616573952', '127995258721013760', '', '', '2021-09-20 12:16:09', '', '',
        '2021-09-20 12:17:20');
INSERT INTO `account_role_permission`
VALUES ('452230515387273241', '496138616573952', '128364633437245440', '', '', '2021-09-20 12:16:09', '', '',
        '2021-09-20 12:17:21');
INSERT INTO `account_role_permission`
VALUES ('452230515387273242', '496138616573952', '127996726786134016', '', '', '2021-09-20 12:16:09', '', '',
        '2021-09-20 12:17:21');
INSERT INTO `account_role_permission`
VALUES ('452230515387273243', '496138616573952', '127997001756315648', '', '', '2021-09-20 12:16:09', '', '',
        '2021-09-20 12:17:21');
INSERT INTO `account_role_permission`
VALUES ('452230515387273244', null, null, '', '', '2021-09-20 12:16:09', '', '', '2021-09-20 12:16:09');
INSERT INTO `account_role_permission`
VALUES ('452230515387273245', null, null, '', '', '2021-09-20 12:16:09', '', '', '2021-09-20 12:16:09');
INSERT INTO `account_role_permission`
VALUES ('452230515391467520', null, null, '', '', '2021-09-20 12:16:09', '', '', '2021-09-20 12:16:09');
INSERT INTO `account_role_permission`
VALUES ('452230515391467521', null, null, '', '', '2021-09-20 12:16:09', '', '', '2021-09-20 12:16:09');
INSERT INTO `account_role_permission`
VALUES ('452230515391467522', null, null, '', '', '2021-09-20 12:16:09', '', '', '2021-09-20 12:16:09');
INSERT INTO `account_role_permission`
VALUES ('452230515391467523', null, null, '', '', '2021-09-20 12:16:10', '', '', '2021-09-20 12:16:10');
INSERT INTO `account_role_permission`
VALUES ('452230515391467524', null, null, '', '', '2021-09-20 12:16:10', '', '', '2021-09-20 12:16:10');
INSERT INTO `account_role_permission`
VALUES ('452230515391467525', null, null, '', '', '2021-09-20 12:16:10', '', '', '2021-09-20 12:16:10');
INSERT INTO `account_role_permission`
VALUES ('452230515391467526', null, null, '', '', '2021-09-20 12:16:10', '', '', '2021-09-20 12:16:10');
INSERT INTO `account_role_permission`
VALUES ('452230515391467527', null, null, '', '', '2021-09-20 12:16:10', '', '', '2021-09-20 12:16:10');
INSERT INTO `account_role_permission`
VALUES ('452230515391467528', null, null, '', '', '2021-09-20 12:16:10', '', '', '2021-09-20 12:16:10');
INSERT INTO `account_role_permission`
VALUES ('452230515391467529', null, null, '', '', '2021-09-20 12:16:10', '', '', '2021-09-20 12:16:10');
INSERT INTO `account_role_permission`
VALUES ('452230515391467530', null, null, '', '', '2021-09-20 12:16:10', '', '', '2021-09-20 12:16:10');
INSERT INTO `account_role_permission`
VALUES ('452230515391467531', null, null, '', '', '2021-09-20 12:16:10', '', '', '2021-09-20 12:16:10');
INSERT INTO `account_role_permission`
VALUES ('452230515391467532', null, null, '', '', '2021-09-20 12:16:10', '', '', '2021-09-20 12:16:10');
INSERT INTO `account_role_permission`
VALUES ('452230515391467533', null, null, '', '', '2021-09-20 12:16:11', '', '', '2021-09-20 12:16:11');
INSERT INTO `account_role_permission`
VALUES ('452230515391467534', null, null, '', '', '2021-09-20 12:16:11', '', '', '2021-09-20 12:16:11');
INSERT INTO `account_role_permission`
VALUES ('452230515391467535', null, null, '', '', '2021-09-20 12:16:11', '', '', '2021-09-20 12:16:11');
INSERT INTO `account_role_permission`
VALUES ('452230515391467536', null, null, '', '', '2021-09-20 12:16:11', '', '', '2021-09-20 12:16:11');

-- ----------------------------
-- Table structure for `admin_account`
-- ----------------------------
DROP TABLE IF EXISTS `admin_account`;
CREATE TABLE `admin_account`
(
    `id`                      varchar(32) NOT NULL COMMENT '主键',
    `account`                 varchar(20)      DEFAULT '' COMMENT '登录账号',
    `user_name`               varchar(20)      DEFAULT '' COMMENT '姓名',
    `password`                varchar(100)     DEFAULT '' COMMENT '密码',
    `enabled`                 tinyint(1)       DEFAULT '1' COMMENT '账户是否启用(1:启用，0：禁用)',
    `account_non_expired`     tinyint(1)       DEFAULT '1' COMMENT '账户是否过期',
    `account_non_locked`      tinyint(1)       DEFAULT '1' COMMENT '账户是否被锁定',
    `credentials_non_expired` tinyint(1)       DEFAULT '1' COMMENT '凭证是否超时',
    `online`                  tinyint(1)       DEFAULT '0' COMMENT '在线状态(1:在线，0:离线)',
    `creater_id`              varchar(32)      DEFAULT '' COMMENT '创建人id',
    `create_by`               varchar(200)     DEFAULT '' COMMENT '创建人姓名',
    `create_time`             timestamp   NULL DEFAULT CURRENT_TIMESTAMP COMMENT '创建时间',
    `updater_id`              varchar(32)      DEFAULT '' COMMENT '修改人id',
    `update_by`               varchar(200)     DEFAULT '' COMMENT '修改人姓名',
    `update_time`             timestamp   NULL DEFAULT CURRENT_TIMESTAMP ON UPDATE CURRENT_TIMESTAMP COMMENT '修改时间',
    PRIMARY KEY (`id`)
) ENGINE = InnoDB
  DEFAULT CHARSET = utf8mb4 COMMENT ='后台账户表';

-- ----------------------------
-- Records of admin_account
-- ----------------------------
INSERT INTO `admin_account`
VALUES ('97510994686775329', 'admin', '管理员', '$2a$10$fI2NehFzMpGHU66xRs69BubVrb4ewdA95NBlkfikFu1jQdfYz6.Lu', '1', '1',
        '1', '1', '0', '', '', '2021-08-28 16:14:38', '', '', '2021-09-19 20:09:08');

-- ----------------------------
-- Table structure for `admin_permission`
-- ----------------------------
DROP TABLE IF EXISTS `admin_permission`;
CREATE TABLE `admin_permission`
(
    `id`          bigint(20) unsigned NOT NULL,
    `name`        varchar(255)                       DEFAULT NULL,
    `path`        varchar(255)                       DEFAULT NULL,
    `component`   varchar(255)                       DEFAULT NULL,
    `icon`        varchar(255)                       DEFAULT NULL,
    `title`       varchar(255)                       DEFAULT NULL,
    `type`        tinyint(1)                         DEFAULT NULL,
    `url`         varchar(255)                       DEFAULT NULL,
    `level`       int(11) unsigned                   DEFAULT NULL,
    `button_type` varchar(255)                       DEFAULT NULL,
    `status`      tinyint(1)                         DEFAULT NULL,
    `show_always` bit(1)                             DEFAULT NULL,
    `sort_order`  decimal(10, 2)                     DEFAULT NULL,
    `is_menu`     bit(1)                             DEFAULT NULL,
    `is_parent`   bit(1)                             DEFAULT NULL,
    `parent_id`   bigint(20) unsigned NOT NULL,
    `description` varchar(255)                       DEFAULT NULL,
    `creater_id`  varchar(32) CHARACTER SET utf8mb4  DEFAULT '' COMMENT '创建人id',
    `create_by`   varchar(200) CHARACTER SET utf8mb4 DEFAULT '' COMMENT '创建人姓名',
    `create_time` timestamp           NULL           DEFAULT CURRENT_TIMESTAMP COMMENT '创建时间',
    `updater_id`  varchar(32) CHARACTER SET utf8mb4  DEFAULT '' COMMENT '修改人id',
    `update_by`   varchar(200) CHARACTER SET utf8mb4 DEFAULT '' COMMENT '修改人姓名',
    `update_time` timestamp           NULL           DEFAULT CURRENT_TIMESTAMP ON UPDATE CURRENT_TIMESTAMP COMMENT '修改时间',
    PRIMARY KEY (`id`)
) ENGINE = InnoDB
  DEFAULT CHARSET = utf8;

-- ----------------------------
-- Records of admin_permission
-- ----------------------------
INSERT INTO `admin_permission`
VALUES ('5129710648430592', 'sys', '/sys', 'Main', 'ios-settings', '系统管理', '0', '', '1', '', '0', '', '1.00', null,
        '', '125909152017944576', '', '', '', '2021-09-19 22:07:05', '', '', '2021-09-19 22:07:05');
INSERT INTO `admin_permission`
VALUES ('5129710648430593', 'user-manage', 'user-manage', 'sys/user-manage/userManage', 'md-person', '用户管理', '0', '',
        '2', '', '0', '', '1.10', null, '', '5129710648430592', '', '', '', '2021-09-19 22:07:05', '', '',
        '2021-09-19 22:07:05');
INSERT INTO `admin_permission`
VALUES ('5129710648430594', 'role-manage', 'role-manage', 'sys/role/role', 'md-contacts', '角色权限管理', '0', '', '2', '',
        '0', '', '1.60', null, '', '5129710648430592', '', '', '', '2021-09-19 22:07:05', '', '',
        '2021-09-20 11:36:15');
INSERT INTO `admin_permission`
VALUES ('5129710648430595', 'menu-manage', 'menu-manage', 'sys/menu-manage/menuManage', 'md-menu', '菜单权限管理', '0', '',
        '2', '', '0', '', '1.70', null, '', '5129710648430592', '', '', '', '2021-09-19 22:07:05', '', '',
        '2021-09-19 22:07:05');
INSERT INTO `admin_permission`
VALUES ('15701400130424832', '', '/xboot/user/admin/add*', '', '', '添加用户', '1', '', '3', 'add', '0', '', '1.11', null,
        null, '5129710648430593', '', '', '', '2021-09-19 22:07:05', '', '', '2021-09-19 22:07:05');
INSERT INTO `admin_permission`
VALUES ('15701915807518720', '', '/xboot/user/admin/disable/**', '', '', '禁用用户', '1', null, '3', 'disable', '0', '',
        '1.13', null, null, '5129710648430593', '', '', '', '2021-09-19 22:07:05', '', '', '2021-09-19 22:07:05');
INSERT INTO `admin_permission`
VALUES ('15708892205944832', '', '/xboot/user/admin/enable/**', '', '', '启用用户', '1', null, '3', 'enable', '0', '',
        '1.14', null, null, '5129710648430593', '', '', '', '2021-09-19 22:07:05', '', '', '2021-09-19 22:07:05');
INSERT INTO `admin_permission`
VALUES ('16392452747300864', 'access', '/access', 'Main', 'md-lock', '权限测试页', '0', '', '1', '', '0', '', '7.00', null,
        '', '125909152017944576', '', '', '', '2021-09-19 22:07:05', '', '', '2021-09-19 22:07:05');
INSERT INTO `admin_permission`
VALUES ('16392767785668608', 'access_index', 'index', 'access/access', 'md-lock', '权限按钮测试页', '0', '', '2', '', '0', '',
        '5.10', null, '', '16392452747300864', '', '', '', '2021-09-19 22:07:05', '', '', '2021-09-19 22:07:05');
INSERT INTO `admin_permission`
VALUES ('16438800255291392', '', 'test-add', '', '', '添加按钮测试', '1', '', '3', 'add', '0', '', '5.11', null, null,
        '16392767785668608', '', '', '', '2021-09-19 22:07:05', '', '', '2021-09-19 22:07:05');
INSERT INTO `admin_permission`
VALUES ('16438962738434048', '', 'test-edit', '', '', '编辑按钮测试', '1', '', '3', 'edit', '0', '', '5.12', null, null,
        '16392767785668608', '', '', '', '2021-09-19 22:07:05', '', '', '2021-09-19 22:07:05');
INSERT INTO `admin_permission`
VALUES ('16439068543946752', '', 'test-delete', '', '', '删除按钮测试', '1', '', '3', 'delete', '0', '', '5.13', null, null,
        '16392767785668608', '', '', '', '2021-09-19 22:07:05', '', '', '2021-09-19 22:07:05');
INSERT INTO `admin_permission`
VALUES ('16678126574637056', '', '/xboot/user/admin/edit*', '', '', '编辑用户', '1', '', '3', 'edit', '0', '', '1.12',
        null, null, '5129710648430593', '', '', '', '2021-09-19 22:07:05', '', '', '2021-09-19 22:07:05');
INSERT INTO `admin_permission`
VALUES ('16678447719911424', '', '/xboot/user/delByIds/**', '', '', '删除用户', '1', '', '3', 'delete', '0', '', '1.15',
        null, null, '5129710648430593', '', '', '', '2021-09-19 22:07:05', '', '', '2021-09-19 22:07:05');
INSERT INTO `admin_permission`
VALUES ('16687383932047360', '', '/xboot/role/save*', '', '', '添加角色', '1', '', '3', 'add', '0', '', '1.21', null, null,
        '5129710648430594', '', '', '', '2021-09-19 22:07:05', '', '', '2021-09-19 22:07:05');
INSERT INTO `admin_permission`
VALUES ('16689632049631232', '', '/xboot/role/edit*', '', '', '编辑角色', '1', '', '3', 'edit', '0', '', '1.22', null,
        null, '5129710648430594', '', '', '', '2021-09-19 22:07:05', '', '', '2021-09-19 22:07:05');
INSERT INTO `admin_permission`
VALUES ('16689745006432256', '', '/xboot/role/delAllByIds/**', '', '', '删除角色', '1', '', '3', 'delete', '0', '', '1.23',
        null, null, '5129710648430594', '', '', '', '2021-09-19 22:07:05', '', '', '2021-09-19 22:07:05');
INSERT INTO `admin_permission`
VALUES ('16689883993083904', null, '/xboot/role/editRolePerm**', null, null, '分配权限', '1', null, '3', 'editPerm', '0',
        '', '1.24', null, null, '5129710648430594', null, '', '', '2021-09-19 22:07:05', '', '',
        '2021-09-19 22:07:05');
INSERT INTO `admin_permission`
VALUES ('16690313745666048', '', '/xboot/role/setDefault*', '', '', '设为默认角色', '1', '', '3', 'setDefault', '0', '',
        '1.25', null, null, '5129710648430594', '', '', '', '2021-09-19 22:07:05', '', '', '2021-09-19 22:07:05');
INSERT INTO `admin_permission`
VALUES ('16694861252005888', '', '/xboot/permission/add*', '', '', '添加菜单', '1', '', '3', 'add', '0', '', '1.31', null,
        null, '5129710648430595', '', '', '', '2021-09-19 22:07:05', '', '', '2021-09-19 22:07:05');
INSERT INTO `admin_permission`
VALUES ('16695107491205120', '', '/xboot/permission/edit*', '', '', '编辑菜单', '1', '', '3', 'edit', '0', '', '1.32',
        null, null, '5129710648430595', '', '', '', '2021-09-19 22:07:05', '', '', '2021-09-19 22:07:05');
INSERT INTO `admin_permission`
VALUES ('16695243126607872', '', '/xboot/permission/delByIds/**', '', '', '删除菜单', '1', '', '3', 'delete', '0', '',
        '1.33', null, null, '5129710648430595', '', '', '', '2021-09-19 22:07:05', '', '', '2021-09-19 22:07:05');
INSERT INTO `admin_permission`
VALUES ('25014528525733888', '', '无', '', '', '上传图片', '1', '', '3', 'upload', '0', '', '1.16', null, null,
        '5129710648430593', '', '', '', '2021-09-19 22:07:05', '', '', '2021-09-19 22:07:05');
INSERT INTO `admin_permission`
VALUES ('39915540965232640', 'monitor', '/monitor', 'Main', 'ios-analytics', '系统监控', '0', null, '1', null, '0', '',
        '2.00', null, '', '125909152017944576', null, '', '', '2021-09-19 22:07:05', '', '', '2021-09-19 22:07:05');
INSERT INTO `admin_permission`
VALUES ('39916171171991552', 'druid', 'druid', 'sys/monitor/monitor', 'md-analytics', 'SQL监控', '0',
        'http://127.0.0.1:8888/druid/login.html', '2', '', '0', '', '2.40', null, '', '39915540965232640', '', '', '',
        '2021-09-19 22:07:05', '', '', '2021-09-19 22:07:05');
INSERT INTO `admin_permission`
VALUES ('39918482854252544', 'swagger', 'swagger', 'sys/monitor/monitor', 'md-document', '接口文档', '0',
        'http://127.0.0.1:8888/doc.html', '2', '', '0', '', '2.50', null, '', '39915540965232640', '', '', '',
        '2021-09-19 22:07:05', '', '', '2021-09-19 22:07:05');
INSERT INTO `admin_permission`
VALUES ('39918482854252545', 'nacos', 'nacos', 'sys/monitor/monitor', 'md-barcode', 'NACOS注册中心', '0',
        'http://192.168.133.130:8848/nacos/', '2', null, '0', '', '2.60', null, '', '39915540965232640', null, '', '',
        '2021-09-19 22:21:45', '', '', '2021-09-19 22:24:58');
INSERT INTO `admin_permission`
VALUES ('40238597734928384', 'department-manage', 'department-manage', 'sys/department-manage/departmentManage',
        'md-git-branch', '部门管理', '0', '', '2', '', '0', '', '1.20', null, '', '5129710648430592', '', '', '',
        '2021-09-19 22:07:05', '', '', '2021-09-19 22:07:05');
INSERT INTO `admin_permission`
VALUES ('41363147411427328', 'log-manage', 'log-manage', 'sys/log-manage/logManage', 'md-list-box', '日志管理', '0', '',
        '2', '', '0', '', '2.20', null, '', '39915540965232640', '', '', '', '2021-09-19 22:07:05', '', '',
        '2021-09-19 22:07:05');
INSERT INTO `admin_permission`
VALUES ('41363537456533504', '', '/xboot/log/delByIds/**', '', '', '删除日志', '1', '', '3', 'delete', '0', '', '2.11',
        null, null, '41363147411427328', '', '', '', '2021-09-19 22:07:05', '', '', '2021-09-19 22:07:05');
INSERT INTO `admin_permission`
VALUES ('41364927394353152', '', '/xboot/log/delAll*', '', '', '清空日志', '1', '', '3', 'clear', '0', '', '2.12', null,
        null, '41363147411427328', '', '', '', '2021-09-19 22:07:05', '', '', '2021-09-19 22:07:05');
INSERT INTO `admin_permission`
VALUES ('41370251991977984', 'quartz-job', 'quartz-job', 'sys/quartz-manage/quartzManage', 'md-time', '定时任务', '0', null,
        '2', '', '0', '', '2.10', null, '', '39915540965232640', null, '', '', '2021-09-19 22:07:05', '', '',
        '2021-09-19 22:07:05');
INSERT INTO `admin_permission`
VALUES ('41371711400054784', 'actuator', 'actuator', 'sys/actuator/actuator', 'logo-angular', 'Actuator监控', '0', '',
        '2', '', '0', '', '2.30', null, '', '39915540965232640', '', '', '', '2021-09-19 22:07:05', '', '',
        '2021-09-19 22:07:05');
INSERT INTO `admin_permission`
VALUES ('41373430515240960', 'vue-template', '/vue-template', 'Main', 'ios-albums', '后台Vue模版', '0', '', '1', '', '0',
        '', '3.10', null, '', '125909152017944576', '', '', '', '2021-09-19 22:07:05', '', '', '2021-09-19 22:07:05');
INSERT INTO `admin_permission`
VALUES ('41375330996326400', 'simple-table', 'simple-table', 'xboot-vue-template/simple-table/simpleTable',
        'ios-grid-outline', '简单表格+动态列', '0', '', '2', '', '0', '', '3.10', null, '', '41373430515240960', '', '', '',
        '2021-09-19 22:07:05', '', '', '2021-09-19 22:07:05');
INSERT INTO `admin_permission`
VALUES ('41376192166629376', 'search-table', 'search-table', 'xboot-vue-template/search-table/searchTable', 'md-grid',
        '搜索表格[付费]', '0', '', '2', '', '0', '', '3.40', null, '', '41373430515240960', '', '', '',
        '2021-09-19 22:07:05', '', '', '2021-09-19 22:07:05');
INSERT INTO `admin_permission`
VALUES ('41377034236071936', 'complex-table', 'complex-table', 'xboot-vue-template/complex-table/complexTable',
        'ios-grid', '复杂表格[付费]', '0', '', '2', '', '0', '', '3.50', null, '', '41373430515240960', '', '', '',
        '2021-09-19 22:07:05', '', '', '2021-09-19 22:07:05');
INSERT INTO `admin_permission`
VALUES ('41378916912336896', 'tree', 'tree', 'xboot-vue-template/tree/tree', 'ios-git-network', '树形结构', '0', '', '2',
        '', '0', '', '3.22', null, '', '41373430515240960', '', '', '', '2021-09-19 22:07:05', '', '',
        '2021-09-19 22:07:05');
INSERT INTO `admin_permission`
VALUES ('41469219249852416', '', '无', '', '', '查看数据', '1', null, '3', 'view', '0', '', '2.31', null, null,
        '41371711400054784', null, '', '', '2021-09-19 22:07:05', '', '', '2021-09-19 22:07:05');
INSERT INTO `admin_permission`
VALUES ('42082442672082944', 'new-window', 'new-window', 'xboot-vue-template/new-window/newWindow', 'ios-browsers',
        '新窗口操作', '0', '', '2', '', '0', '', '3.21', null, '', '41373430515240960', '', '', '', '2021-09-19 22:07:05',
        '', '', '2021-09-19 22:07:05');
INSERT INTO `admin_permission`
VALUES ('43117268627886080', 'message-manage', 'message-manage', 'sys/message-manage/messageManage', 'md-mail',
        '消息管理[付费]', '0', '', '2', '', '0', '', '1.30', null, '', '5129710648430592', '', '', '',
        '2021-09-19 22:07:05', '', '', '2021-09-19 22:07:05');
INSERT INTO `admin_permission`
VALUES ('44986029924421632', 'social-manage', 'social-manage', 'sys/social-manage/socialManage', 'md-share',
        '社交账号绑定[付费]', '0', '', '2', '', '0', '', '1.50', null, '', '5129710648430592', '', '', '',
        '2021-09-19 22:07:05', '', '', '2021-09-19 22:07:05');
INSERT INTO `admin_permission`
VALUES ('45069342940860416', '', '无', '', '', '查看社交账号数据', '1', '', '3', 'view', '0', '', '1.42', null, null,
        '44986029924421632', '', '', '', '2021-09-19 22:07:05', '', '', '2021-09-19 22:07:05');
INSERT INTO `admin_permission`
VALUES ('45235228800716800', '', '/xboot/relate/delByIds*', '', '', '删除解绑', '1', '', '3', 'delete', '0', '', '1.41',
        null, null, '44986029924421632', '', '', '', '2021-09-19 22:07:05', '', '', '2021-09-19 22:07:05');
INSERT INTO `admin_permission`
VALUES ('45235621697949696', '', '/xboot/department/add*', '', '', '添加部门', '1', '', '3', 'add', '0', '', '1.21', null,
        null, '40238597734928384', '', '', '', '2021-09-19 22:07:05', '', '', '2021-09-19 22:07:05');
INSERT INTO `admin_permission`
VALUES ('45235787867885568', '', '/xboot/department/edit*', '', '', '编辑部门', '1', '', '3', 'edit', '0', '', '1.22',
        null, null, '40238597734928384', '', '', '', '2021-09-19 22:07:05', '', '', '2021-09-19 22:07:05');
INSERT INTO `admin_permission`
VALUES ('45235939278065664', '', '/xboot/department/delByIds/*', '', '', '删除部门', '1', null, '3', 'delete', '0', '',
        '1.23', null, null, '40238597734928384', null, '', '', '2021-09-19 22:07:05', '', '', '2021-09-19 22:07:05');
INSERT INTO `admin_permission`
VALUES ('45236734832676864', '', '/xboot/message/add*', '', '', '添加消息', '1', '', '3', 'add', '0', '', '1.31', null,
        null, '43117268627886080', '', '', '', '2021-09-19 22:07:05', '', '', '2021-09-19 22:07:05');
INSERT INTO `admin_permission`
VALUES ('45237010692050944', '', '/xboot/message/edit*', '', '', '编辑消息', '1', '', '3', 'edit', '0', '', '1.32', null,
        null, '43117268627886080', '', '', '', '2021-09-19 22:07:05', '', '', '2021-09-19 22:07:05');
INSERT INTO `admin_permission`
VALUES ('45237170029465600', '', '/xboot/message/delByIds/*', '', '', '删除消息', '1', null, '3', 'delete', '0', '',
        '1.33', null, null, '43117268627886080', null, '', '', '2021-09-19 22:07:05', '', '', '2021-09-19 22:07:05');
INSERT INTO `admin_permission`
VALUES ('45264987354042368', '', '/xboot/quartzJob/add*', '', '', '添加定时任务', '1', '', '3', 'add', '0', '', '2.11', null,
        null, '41370251991977984', '', '', '', '2021-09-19 22:07:05', '', '', '2021-09-19 22:07:05');
INSERT INTO `admin_permission`
VALUES ('45265487029866496', '', '/xboot/quartzJob/edit*', '', '', '编辑定时任务', '1', '', '3', 'edit', '0', '', '2.12',
        null, null, '41370251991977984', '', '', '', '2021-09-19 22:07:05', '', '', '2021-09-19 22:07:05');
INSERT INTO `admin_permission`
VALUES ('45265762415284224', '', '/xboot/quartzJob/pause*', '', '', '暂停定时任务', '1', '', '3', 'disable', '0', '', '2.13',
        null, null, '41370251991977984', '', '', '', '2021-09-19 22:07:05', '', '', '2021-09-19 22:07:05');
INSERT INTO `admin_permission`
VALUES ('45265886315024384', '', '/xboot/quartzJob/resume*', '', '', '恢复定时任务', '1', '', '3', 'enable', '0', '', '2.14',
        null, null, '41370251991977984', '', '', '', '2021-09-19 22:07:05', '', '', '2021-09-19 22:07:05');
INSERT INTO `admin_permission`
VALUES ('45266070000373760', '', '/xboot/quartzJob/delByIds/*', '', '', '删除定时任务', '1', null, '3', 'delete', '0', '',
        '2.15', null, null, '41370251991977984', null, '', '', '2021-09-19 22:07:05', '', '', '2021-09-19 22:07:05');
INSERT INTO `admin_permission`
VALUES ('56309618086776832', 'oss-manage', 'oss-manage', 'sys/oss-manage/ossManage', 'ios-folder', '文件对象存储[付费]', '0',
        '', '2', '', '0', '', '1.40', null, '', '5129710648430592', '', '', '', '2021-09-19 22:07:05', '', '',
        '2021-09-19 22:07:05');
INSERT INTO `admin_permission`
VALUES ('56898976661639168', '', '/xboot/user/importData*', '', '', '导入用户', '1', '', '3', 'input', '0', '', '1.17',
        null, null, '5129710648430593', '', '', '', '2021-09-19 22:07:05', '', '', '2021-09-19 22:07:05');
INSERT INTO `admin_permission`
VALUES ('56911328312299520', 'excel', 'excel', 'xboot-vue-template/excel/excel', 'md-exit', 'Excel导入导出[付费]', '0', '',
        '2', '', '0', '', '3.60', null, '', '41373430515240960', '', '', '', '2021-09-19 22:07:05', '', '',
        '2021-09-19 22:07:05');
INSERT INTO `admin_permission`
VALUES ('57009544286441472', '', '/xboot/messageSend/save*', '', '', '添加已发送消息', '1', null, '3', 'add', '0', '', '1.40',
        null, null, '43117268627886080', null, '', '', '2021-09-19 22:07:05', '', '', '2021-09-19 22:07:05');
INSERT INTO `admin_permission`
VALUES ('57009744761589760', '', '/xboot/messageSend/update*', '', '', '编辑已发送消息', '1', null, '3', 'edit', '0', '',
        '1.50', null, null, '43117268627886080', null, '', '', '2021-09-19 22:07:05', '', '', '2021-09-19 22:07:05');
INSERT INTO `admin_permission`
VALUES ('57009981228060672', '', '/xboot/messageSend/delByIds/*', '', '', '删除已发送消息', '1', null, '3', 'delete', '0', '',
        '1.60', null, null, '43117268627886080', null, '', '', '2021-09-19 22:07:05', '', '', '2021-09-19 22:07:05');
INSERT INTO `admin_permission`
VALUES ('57212882168844288', '', '无', '', '', '上传文件', '1', '', '3', 'upload', '0', '', '1.41', null, null,
        '56309618086776832', '', '', '', '2021-09-19 22:07:05', '', '', '2021-09-19 22:07:05');
INSERT INTO `admin_permission`
VALUES ('58480609315524608', 'setting', 'setting', 'sys/setting-manage/settingManage', 'ios-settings-outline',
        '系统配置[付费]', '0', '', '2', '', '0', '', '1.90', null, '', '5129710648430592', '', '', '',
        '2021-09-19 22:07:05', '', '', '2021-09-19 22:07:05');
INSERT INTO `admin_permission`
VALUES ('61394706252173312', '', '/xboot/setting/seeSecret/**', '', '', '查看私密配置', '1', null, '3', 'view', '0', '',
        '1.81', null, null, '58480609315524608', null, '', '', '2021-09-19 22:07:05', '', '', '2021-09-19 22:07:05');
INSERT INTO `admin_permission`
VALUES ('61417744146370560', '', '/xboot/setting/*/set*', '', '', '编辑配置', '1', '', '3', 'edit', '0', '', '1.82', null,
        null, '58480609315524608', '', '', '', '2021-09-19 22:07:05', '', '', '2021-09-19 22:07:05');
INSERT INTO `admin_permission`
VALUES ('61560041605435392', '', '/xboot/file/rename*', '', '', '重命名文件', '1', null, '3', 'edit', '0', '', '1.42', null,
        null, '56309618086776832', null, '', '', '2021-09-19 22:07:05', '', '', '2021-09-19 22:07:05');
INSERT INTO `admin_permission`
VALUES ('61560275261722624', '', '/xboot/file/copy*', '', '', '复制文件', '1', null, '3', 'edit', '0', '', '1.43', null,
        null, '56309618086776832', null, '', '', '2021-09-19 22:07:05', '', '', '2021-09-19 22:07:05');
INSERT INTO `admin_permission`
VALUES ('61560480518377472', '', '/xboot/file/delete/*', '', '', '删除文件', '1', null, '3', 'delete', '0', '', '1.44',
        null, null, '56309618086776832', null, '', '', '2021-09-19 22:07:05', '', '', '2021-09-19 22:07:05');
INSERT INTO `admin_permission`
VALUES ('63482475359244288', 'custom-tree', 'custom-tree', 'xboot-vue-template/custom-tree/customTree',
        'md-git-network', '自定义树[付费]', '0', '', '2', '', '0', '', '3.80', null, '', '41373430515240960', '', '', '',
        '2021-09-19 22:07:05', '', '', '2021-09-19 22:07:05');
INSERT INTO `admin_permission`
VALUES ('63741744973352960', 'render', 'render', 'xboot-vue-template/render/render', 'md-aperture', 'Render函数示例[付费]',
        '0', '', '2', '', '0', '', '3.30', null, '', '41373430515240960', '', '', '', '2021-09-19 22:07:05', '', '',
        '2021-09-19 22:07:05');
INSERT INTO `admin_permission`
VALUES ('64290663792906240', 'tree&table', 'tree&table', 'xboot-vue-template/tree&table/tree&table', 'md-list',
        '树+表格[付费]', '0', '', '2', '', '0', '', '3.90', null, '', '41373430515240960', '', '', '',
        '2021-09-19 22:07:05', '', '', '2021-09-19 22:07:05');
INSERT INTO `admin_permission`
VALUES ('66790433014943744', 'card-list', 'card-list', 'xboot-vue-template/card-list/cardList', 'md-card', '卡片列表[付费]',
        '0', '', '2', '', '0', '', '3.91', null, '', '41373430515240960', '', '', '', '2021-09-19 22:07:05', '', '',
        '2021-09-19 22:07:05');
INSERT INTO `admin_permission`
VALUES ('67027338952445952', 'product-template', '/product-template', 'Main', 'md-ribbon', '前台产品级组件', '0', '', '1', '',
        '0', '', '4.00', null, '', '125909152017944576', '', '', '', '2021-09-19 22:07:05', '', '',
        '2021-09-19 22:07:05');
INSERT INTO `admin_permission`
VALUES ('67027909637836800', 'banner', 'banner', 'xboot-product-template/banner/Banner', 'md-book', '轮播组件', '0', '',
        '2', '', '0', '', '4.10', null, '', '67027338952445952', '', '', '', '2021-09-19 22:07:05', '', '',
        '2021-09-19 22:07:05');
INSERT INTO `admin_permission`
VALUES ('67042515441684480', 'product', 'product', 'xboot-product-template/product/Product', 'md-pricetags', '产品组件',
        '0', '', '2', '', '0', '', '4.20', null, '', '67027338952445952', '', '', '', '2021-09-19 22:07:05', '', '',
        '2021-09-19 22:07:05');
INSERT INTO `admin_permission`
VALUES ('67082402312228864', 'category', 'category', 'xboot-product-template/category/Category', 'md-apps', '分类栏组件',
        '0', '', '2', '', '0', '', '4.30', null, '', '67027338952445952', '', '', '', '2021-09-19 22:07:05', '', '',
        '2021-09-19 22:07:05');
INSERT INTO `admin_permission`
VALUES ('75002207560273920', 'dict', 'dict', 'sys/dict-manage/dictManage', 'md-bookmarks', '数据字典管理', '0', '', '2', '',
        '0', '', '1.80', null, '', '5129710648430592', '', '', '', '2021-09-19 22:07:05', '', '',
        '2021-09-19 22:07:05');
INSERT INTO `admin_permission`
VALUES ('76215889006956544', '', '/xboot/dict/add*', '', '', '添加字典', '1', '', '3', 'add', '0', '', '1.81', null, null,
        '75002207560273920', '', '', '', '2021-09-19 22:07:05', '', '', '2021-09-19 22:07:05');
INSERT INTO `admin_permission`
VALUES ('76216071333351424', '', '/xboot/dict/edit*', '', '', '编辑字典', '1', null, '3', 'edit', '0', '', '1.82', null,
        null, '75002207560273920', null, '', '', '2021-09-19 22:07:05', '', '', '2021-09-19 22:07:05');
INSERT INTO `admin_permission`
VALUES ('76216264070008832', '', '/xboot/dict/delByIds/**', '', '', '删除字典', '1', null, '3', 'delete', '0', '', '1.83',
        null, null, '75002207560273920', null, '', '', '2021-09-19 22:07:05', '', '', '2021-09-19 22:07:05');
INSERT INTO `admin_permission`
VALUES ('76216459709124608', '', '/xboot/dictData/add*', '', '', '添加字典数据', '1', null, '3', 'add', '0', '', '1.84',
        null, null, '75002207560273920', null, '', '', '2021-09-19 22:07:05', '', '', '2021-09-19 22:07:05');
INSERT INTO `admin_permission`
VALUES ('76216594207870976', '', '/xboot/dictData/edit*', '', '', '编辑字典数据', '1', null, '3', 'edit', '0', '', '1.85',
        null, null, '75002207560273920', null, '', '', '2021-09-19 22:07:05', '', '', '2021-09-19 22:07:05');
INSERT INTO `admin_permission`
VALUES ('76216702639017984', '', '/xboot/dictData/delByIds/**', '', '', '删除字典数据', '1', null, '3', 'delete', '0', '',
        '1.86', null, null, '75002207560273920', null, '', '', '2021-09-19 22:07:05', '', '', '2021-09-19 22:07:05');
INSERT INTO `admin_permission`
VALUES ('76606430504816640', 'activiti', '/activiti', 'Main', 'md-git-compare', '工作流程', '0', '', '1', '', '0', '',
        '1.10', null, '', '125909152017944576', '', '', '', '2021-09-19 22:07:05', '', '', '2021-09-19 22:07:05');
INSERT INTO `admin_permission`
VALUES ('76607201262702592', 'model-manage', 'model-manage', 'activiti/model-manage/modelManage', 'md-cube', '模型管理[付费]',
        '0', '', '2', '', '0', '', '1.00', null, '', '76606430504816640', '', '', '', '2021-09-19 22:07:05', '', '',
        '2021-09-19 22:07:05');
INSERT INTO `admin_permission`
VALUES ('76914082455752704', 'process-manage', 'process-manage', 'activiti/process-manage/processManage', 'md-calendar',
        '流程管理[付费]', '0', '', '2', '', '0', '', '0.90', null, '', '76606430504816640', '', '', '',
        '2021-09-19 22:07:05', '', '', '2021-09-19 22:07:05');
INSERT INTO `admin_permission`
VALUES ('80539147005071360', 'category-manage', 'category-manage', 'activiti/category-manage/categoryManage',
        'md-bookmark', '流程分类管理[付费]', '0', '', '2', '', '0', '', '2.00', null, '', '76606430504816640', '', '', '',
        '2021-09-19 22:07:05', '', '', '2021-09-19 22:07:05');
INSERT INTO `admin_permission`
VALUES ('81319435670917120', 'process-ins-manage', 'process-ins-manage', 'activiti/process-ins-manage/processInsManage',
        'md-fastforward', '运行中的流程[付费]', '0', '', '2', '', '0', '', '0.70', null, '', '76606430504816640', '', '', '',
        '2021-09-19 22:07:05', '', '', '2021-09-19 22:07:05');
INSERT INTO `admin_permission`
VALUES ('81558529864896512', 'apply-manage', 'apply-manage', 'activiti/apply-manage/applyManage', 'md-clipboard',
        '我的申请[付费]', '0', '', '2', '', '0', '', '0.00', null, '', '76606430504816640', '', '', '',
        '2021-09-19 22:07:05', '', '', '2021-09-19 22:07:05');
INSERT INTO `admin_permission`
VALUES ('81716172680073216', 'todo-manage', 'todo-manage', 'activiti/todo-manage/todoManage', 'ios-pricetag',
        '我的待办[付费]', '0', null, '2', '', '0', '', '0.10', null, '', '76606430504816640', null, '', '',
        '2021-09-19 22:07:05', '', '', '2021-09-19 22:07:05');
INSERT INTO `admin_permission`
VALUES ('82269650301227008', 'done-manage', 'done-manage', 'activiti/done-manage/doneManage', 'ios-pricetag-outline',
        '我的已办[付费]', '0', null, '2', '', '0', '', '0.20', null, '', '76606430504816640', null, '', '',
        '2021-09-19 22:07:05', '', '', '2021-09-19 22:07:05');
INSERT INTO `admin_permission`
VALUES ('84082369492946944', '', '/xboot/leave/add*', '', '', '添加请假申请', '1', '', '3', 'add', '0', '', '0.00', null,
        null, '81558529864896512', '', '', '', '2021-09-19 22:07:05', '', '', '2021-09-19 22:07:05');
INSERT INTO `admin_permission`
VALUES ('84082920431554560', '', '/xboot/actBusiness/delByIds/**', '', '', '删除草稿申请', '1', '', '3', 'delete', '0', '',
        '4.00', null, null, '81558529864896512', '', '', '', '2021-09-19 22:07:05', '', '', '2021-09-19 22:07:05');
INSERT INTO `admin_permission`
VALUES ('84083562503999488', '', '/xboot/actTask/pass**', '', '', '审批通过', '1', null, '3', 'enable', '0', '', '0.00',
        null, null, '81716172680073216', null, '', '', '2021-09-19 22:07:05', '', '', '2021-09-19 22:07:05');
INSERT INTO `admin_permission`
VALUES ('84083641302388736', '', '/xboot/actTask/back**', '', '', '审批驳回', '1', null, '3', 'disable', '0', '', '1.00',
        null, null, '81716172680073216', null, '', '', '2021-09-19 22:07:05', '', '', '2021-09-19 22:07:05');
INSERT INTO `admin_permission`
VALUES ('84084404707659776', '', '/xboot/actTask/delegate**', '', '', '委托代办', '1', null, '3', 'other', '0', '', '3.00',
        null, null, '81716172680073216', null, '', '', '2021-09-19 22:07:05', '', '', '2021-09-19 22:07:05');
INSERT INTO `admin_permission`
VALUES ('84084724590448640', '', '/xboot/actTask/deleteHistoric/**', '', '', '删除已办任务', '1', null, '3', 'delete', '0',
        '', '0.00', null, null, '82269650301227008', null, '', '', '2021-09-19 22:07:05', '', '',
        '2021-09-19 22:07:05');
INSERT INTO `admin_permission`
VALUES ('84084965817454592', '', '/xboot/actProcess/delInsByIds/**', '', '', '删除运行流程', '1', null, '3', 'delete', '0',
        '', '0.00', null, null, '81319435670917120', null, '', '', '2021-09-19 22:07:05', '', '',
        '2021-09-19 22:07:05');
INSERT INTO `admin_permission`
VALUES ('84085542324539392', '', '/xboot/actProcess/updateInfo/**', '', '', '编辑流程信息', '1', null, '3', 'edit', '0', '',
        '0.00', null, null, '76914082455752704', null, '', '', '2021-09-19 22:07:05', '', '', '2021-09-19 22:07:05');
INSERT INTO `admin_permission`
VALUES ('84085810797744128', '', '/xboot/actProcess/editNodeUser**', '', '', '流程节点设置', '1', null, '3', 'edit', '0', '',
        '1.00', null, null, '76914082455752704', null, '', '', '2021-09-19 22:07:05', '', '', '2021-09-19 22:07:05');
INSERT INTO `admin_permission`
VALUES ('84085980943880192', '', '/xboot/actProcess/convertToModel/**', '', '', '流程转模型', '1', null, '3', 'other', '0',
        '', '2.00', null, null, '76914082455752704', null, '', '', '2021-09-19 22:07:05', '', '',
        '2021-09-19 22:07:05');
INSERT INTO `admin_permission`
VALUES ('84086163001839616', '', '/xboot/actProcess/delByIds/**', '', '', '删除流程定义', '1', '', '3', 'delete', '0', '',
        '3.00', null, null, '76914082455752704', '', '', '', '2021-09-19 22:07:05', '', '', '2021-09-19 22:07:05');
INSERT INTO `admin_permission`
VALUES ('84086362248056832', '', '/xboot/actModel/deployByFile**', '', '', '文件部署流程', '1', null, '3', 'other', '0', '',
        '4.00', null, null, '76914082455752704', null, '', '', '2021-09-19 22:07:05', '', '', '2021-09-19 22:07:05');
INSERT INTO `admin_permission`
VALUES ('84086882907983872', '', '/xboot/actModel/add**', '', '', '添加模型', '1', null, '3', 'add', '0', '', '0.00', null,
        null, '76607201262702592', null, '', '', '2021-09-19 22:07:05', '', '', '2021-09-19 22:07:05');
INSERT INTO `admin_permission`
VALUES ('84087009940869120', '', '/xboot/actModel/delByIds/**', '', '', '删除模型', '1', null, '3', 'delete', '0', '',
        '1.00', null, null, '76607201262702592', null, '', '', '2021-09-19 22:07:05', '', '', '2021-09-19 22:07:05');
INSERT INTO `admin_permission`
VALUES ('84087154040377344', '', '/xboot/actModel/deploy/**', '', '', '部署模型', '1', null, '3', 'other', '0', '', '2.00',
        null, null, '76607201262702592', null, '', '', '2021-09-19 22:07:05', '', '', '2021-09-19 22:07:05');
INSERT INTO `admin_permission`
VALUES ('84087344352727040', '', '/xboot/actCategory/add**', '', '', '添加流程分类', '1', '', '3', 'add', '0', '', '0.00',
        null, null, '80539147005071360', '', '', '', '2021-09-19 22:07:05', '', '', '2021-09-19 22:07:05');
INSERT INTO `admin_permission`
VALUES ('84087480852156416', '', '/xboot/actCategory/edit**', '', '', '编辑流程分类', '1', null, '3', 'edit', '0', '',
        '1.00', null, null, '80539147005071360', null, '', '', '2021-09-19 22:07:05', '', '', '2021-09-19 22:07:05');
INSERT INTO `admin_permission`
VALUES ('84087593041399808', '', '/xboot/actCategory/delByIds/**', '', '', '删除流程分类', '1', null, '3', 'delete', '0', '',
        '2.00', null, null, '80539147005071360', null, '', '', '2021-09-19 22:07:05', '', '', '2021-09-19 22:07:05');
INSERT INTO `admin_permission`
VALUES ('102235632889237504', 'vue-generator', '/vue-generator', 'Main', 'md-send', 'Vue代码生成', '0', '', '1', '', '0',
        '', '3.00', null, '', '125909152017944576', '', '', '', '2021-09-19 22:07:05', '', '', '2021-09-19 22:07:05');
INSERT INTO `admin_permission`
VALUES ('102237605176807424', 'table-generator', 'table', 'xboot-vue-generator/tableGenerator', 'md-grid',
        '增删改表格生成[付费]', '0', '', '2', '', '0', '', '0.00', null, '', '102235632889237504', '', '', '',
        '2021-09-19 22:07:05', '', '', '2021-09-19 22:07:05');
INSERT INTO `admin_permission`
VALUES ('102240052523831296', 'tree-generator', 'tree', 'xboot-vue-generator/treeGenerator', 'md-git-branch',
        '树形结构生成[付费]', '0', '', '2', '', '0', '', '1.00', null, '', '102235632889237504', '', '', '',
        '2021-09-19 22:07:05', '', '', '2021-09-19 22:07:05');
INSERT INTO `admin_permission`
VALUES ('103658022701633536', 'test', 'test', 'xboot-vue-generator/test', 'ios-bug', '代码生成测试页', '0', '', '2', '', '0',
        '', '3.00', null, '', '102235632889237504', '', '', '', '2021-09-19 22:07:05', '', '', '2021-09-19 22:07:05');
INSERT INTO `admin_permission`
VALUES ('113601631450304512', '', '/xboot/actTask/backAll/**', '', '', '审批驳回至发起人', '1', null, '3', 'disable', '0', '',
        '2.00', null, null, '81716172680073216', null, '', '', '2021-09-19 22:07:05', '', '', '2021-09-19 22:07:05');
INSERT INTO `admin_permission`
VALUES ('113602149589454848', 'components', '/components', 'Main', 'md-cube', 'XBoot业务组件', '0', '', '1', '', '0', '',
        '5.00', null, '', '125909152017944576', '', '', '', '2021-09-19 22:07:05', '', '', '2021-09-19 22:07:05');
INSERT INTO `admin_permission`
VALUES ('113602342657462272', 'components', 'components', 'xboot-components/xboot-components', 'md-cube', 'XBoot业务组件',
        '0', '', '2', '', '0', '', '0.00', null, '', '113602149589454848', '', '', '', '2021-09-19 22:07:05', '', '',
        '2021-09-19 22:07:05');
INSERT INTO `admin_permission`
VALUES ('113603512293658624', 'library', '/library', 'Main', 'ios-link', '第三方依赖工具/组件', '0', '', '1', '', '0', '',
        '6.00', null, '', '125909152017944576', '', '', '', '2021-09-19 22:07:05', '', '', '2021-09-19 22:07:05');
INSERT INTO `admin_permission`
VALUES ('113603617897844736', 'library', 'library', 'xboot-library/xboot-library', 'ios-link', '第三方依赖工具/组件', '0', '',
        '2', '', '0', '', '0.00', null, '', '113603512293658624', '', '', '', '2021-09-19 22:07:05', '', '',
        '2021-09-19 22:07:05');
INSERT INTO `admin_permission`
VALUES ('117806106536841216', 'process-finish-manage', 'process-finish-manage',
        'activiti/process-finish-manage/processFinishManage', 'md-power', '结束的流程[付费]', '0', null, '2', '', '0', '',
        '0.80', null, '', '76606430504816640', null, '', '', '2021-09-19 22:07:05', '', '', '2021-09-19 22:07:05');
INSERT INTO `admin_permission`
VALUES ('121426317022334976', 'redis', 'redis', 'sys/redis/redis', 'md-barcode', 'Redis缓存管理', '0', '', '2', '', '0',
        '', '2.21', null, '', '39915540965232640', null, '', '', '2021-09-19 22:07:05', '', '',
        '2021-09-19 22:07:05');
INSERT INTO `admin_permission`
VALUES ('125909152017944576', 'xboot', '', 'normal', 'md-home', 'XBoot管理系统', '-1', '', '0', '', '0', '', '0.00', '',
        '', '0', 'undefined', '', '', '2021-09-19 22:07:05', '', '', '2021-09-19 22:07:05');
INSERT INTO `admin_permission`
VALUES ('127995258721013760', 'doc', '', 'normal', 'md-document', '开发文档', '-1',
        'https://www.kancloud.cn/exrick/xboot/content', '0', '', '0', '', '2.00', '', '', '0', 'window', '', '',
        '2021-09-19 22:07:05', '', '', '2021-09-19 22:07:05');
INSERT INTO `admin_permission`
VALUES ('127996320085446656', 'app', '', 'normal', 'md-phone-portrait', 'App应用管理', '-1', '', '0', '', '0', '', '1.00',
        '', '', '0', '', '', '', '2021-09-19 22:07:05', '', '', '2021-09-19 22:07:05');
INSERT INTO `admin_permission`
VALUES ('127996726786134016', 'xpay', '', 'normal', 'md-cash', 'XPay支付系统', '-1', 'http://xpay.exrick.cn', '0', '', '0',
        '', '3.00', '', '', '0', 'window', '', '', '2021-09-19 22:07:05', '', '', '2021-09-19 22:07:05');
INSERT INTO `admin_permission`
VALUES ('127997001756315648', 'xmall', '', 'normal', 'md-cart', 'XMall商城', '-1', 'http://xmall.exrick.cn', '0', '', '0',
        '', '4.00', '', '', '0', 'window', '', '', '2021-09-19 22:07:05', '', '', '2021-09-19 22:07:05');
INSERT INTO `admin_permission`
VALUES ('128364633437245440', 'xboot-show', '', 'normal', 'md-paper-plane', 'XBoot宣传官网', '-1', 'http://xb.exrick.cn',
        '0', '', '0', '', '2.10', '', '', '0', 'window', '', '', '2021-09-19 22:07:05', '', '', '2021-09-19 22:07:05');
INSERT INTO `admin_permission`
VALUES ('128366789653434368', 'app', '/app', 'Main', 'md-phone-portrait', 'XBoot Uniapp App', '0', '', '1', '', '0', '',
        '1.00', null, '', '127996320085446656', '', '', '', '2021-09-19 22:07:05', '', '', '2021-09-19 22:07:05');
INSERT INTO `admin_permission`
VALUES ('128368112335589376', 'uniapp', 'uniapp', 'uniapp/uniapp', 'md-phone-portrait', 'XBoot Uniapp App', '0', '',
        '2', '', '0', '', '0.00', null, '', '128366789653434368', '', '', '', '2021-09-19 22:07:05', '', '',
        '2021-09-19 22:07:05');
INSERT INTO `admin_permission`
VALUES ('129033675403694080', 'single-window', 'single-window', 'xboot-vue-template/single-window/singleWindow',
        'md-easel', '动态组件单页操作', '0', '', '2', '', '0', '', '1.00', null, '', '41373430515240960', '', '', '',
        '2021-09-19 22:07:05', '', '', '2021-09-19 22:07:05');
INSERT INTO `admin_permission`
VALUES ('149452775095275520', 'admin', '/admin', 'sys/monitor/monitor', 'md-speedometer', 'Admin监控', '0',
        'http://127.0.0.1:8888/xboot/admin/wallboard', '2', '', '0', '', '2.29', null, '', '39915540965232640', '', '',
        '', '2021-09-19 22:07:05', '', '', '2021-09-19 22:07:05');
INSERT INTO `admin_permission`
VALUES ('156365156580855808', '', '/xboot/user/resetPass', '', '', '重置密码', '1', null, '3', 'other', '0', '', '1.18',
        null, null, '5129710648430593', null, '', '', '2021-09-19 22:07:05', '', '', '2021-09-19 22:07:05');
INSERT INTO `admin_permission`
VALUES ('160509731956330496', 'weapp', '/weapp', 'Main', 'ios-appstore', '微信小程序', '0', '', '1', '', '0', '', '0.00',
        null, '', '127996320085446656', '', '', '', '2021-09-19 22:07:05', '', '', '2021-09-19 22:07:05');
INSERT INTO `admin_permission`
VALUES ('160509918166650881', 'weapp', 'weapp', 'weapp/weapp', 'md-phone-portrait', '微信小程序', '0', '', '2', '', '0', '',
        '0.00', null, '', '160509731956330496', '', '', '', '2021-09-19 22:07:05', '', '', '2021-09-19 22:07:05');
INSERT INTO `admin_permission`
VALUES ('175808753877127169', 'sso', '/sso', 'Main', 'md-log-in', '单点登录测试站', '0', '', '1', '', '0', '', '8.00', null,
        '', '125909152017944576', '', '', '', '2021-09-19 22:07:05', '', '', '2021-09-19 22:07:05');
INSERT INTO `admin_permission`
VALUES ('175808922710446081', 'sso', 'sso', 'sso/sso', 'md-log-in', '单点登录测试站', '0', null, '2', '', '0', '', '0.00',
        null, '', '175808753877127169', null, '', '', '2021-09-19 22:07:05', '', '', '2021-09-19 22:07:05');
INSERT INTO `admin_permission`
VALUES ('210154306362413056', 'charts', '/charts', 'Main', 'md-analytics', '图表数据大屏', '0', '', '1', '', '0', '', '3.10',
        null, '', '125909152017944576', '', '', '', '2021-09-19 22:07:05', '', '', '2021-09-19 22:07:05');
INSERT INTO `admin_permission`
VALUES ('210155258859491329', 'dashboard1', 'dashboard1', 'xboot-charts/dashboard1/dashboard1', 'md-speedometer',
        'Dashboard1[付费]', '0', '', '2', '', '0', '', '0.00', null, '', '210154306362413056', '', '', '',
        '2021-09-19 22:07:05', '', '', '2021-09-19 22:07:05');
INSERT INTO `admin_permission`
VALUES ('210156371755143168', 'dashboard2', 'dashboard2', 'xboot-charts/dashboard2/dashboard2', 'ios-speedometer',
        'Dashboard2[付费]', '0', null, '2', '', '0', '', '1.00', null, '', '210154306362413056', null, '', '',
        '2021-09-19 22:07:05', '', '', '2021-09-19 22:07:05');
INSERT INTO `admin_permission`
VALUES ('211251162815401984', 'open', '/open', 'Main', 'ios-apps', '开放平台', '0', '', '1', '', '0', '', '1.20', null,
        '', '125909152017944576', '', '', '', '2021-09-19 22:07:05', '', '', '2021-09-19 22:07:05');
INSERT INTO `admin_permission`
VALUES ('211251678651879424', 'client', 'client', 'open/client/client', 'md-browsers', '接入网站管理', '0', '', '2', '', '0',
        '', '0.00', null, '', '211251162815401984', '', '', '', '2021-09-19 22:07:05', '', '', '2021-09-19 22:07:05');
INSERT INTO `admin_permission`
VALUES ('211652331387752448', 'doc', 'doc', 'sys/monitor/monitor', 'md-document', '开放平台文档', '0',
        'https://www.kancloud.cn/exrick/xboot/1399478', '2', '', '0', '', '1.00', null, '', '211251162815401984', '',
        '', '', '2021-09-19 22:07:05', '', '', '2021-09-19 22:07:05');
INSERT INTO `admin_permission`
VALUES ('1251152298521006080', 'member', '/member', 'Main', 'md-contact', '会员管理', '0', '', '1', '', '0', '', '2.00',
        null, '', '127996320085446656', '', '', '', '2021-09-19 22:07:05', '', '', '2021-09-19 22:07:05');
INSERT INTO `admin_permission`
VALUES ('1251153074307862528', 'member', 'member', 'app/member/member', 'md-contacts', '注册会员管理[付费]', '0', '', '2', '',
        '0', '', '0.00', null, '', '1251152298521006080', '', '', '', '2021-09-19 22:07:05', '', '',
        '2021-09-19 22:07:05');
INSERT INTO `admin_permission`
VALUES ('1251760630449442816', 'member-log', '/member-log', 'Main', 'md-list-box', '日志记录', '0', '', '1', '', '0', '',
        '3.00', null, '', '127996320085446656', '', '', '', '2021-09-19 22:07:05', '', '', '2021-09-19 22:07:05');
INSERT INTO `admin_permission`
VALUES ('1251761480286736384', 'member-log', 'member-log', 'sys/log-manage/logManage', 'md-list-box', '日志记录[付费]', '0',
        '', '2', '', '0', '', '0.00', null, '', '1251760630449442816', '', '', '', '2021-09-19 22:07:05', '', '',
        '2021-09-19 22:07:05');
INSERT INTO `admin_permission`
VALUES ('1254739560500432897', '', '/xboot/actTask/passAll/**', '', '', '批量通过', '1', null, '3', 'other', '0', '',
        '0.00', null, null, '81716172680073216', null, '', '', '2021-09-19 22:07:05', '', '', '2021-09-19 22:07:05');
INSERT INTO `admin_permission`
VALUES ('1254739666461134848', '', '/xboot/actTask/back**', '', '', '批量驳回', '1', null, '3', 'disable', '0', '', '0.00',
        null, null, '81716172680073216', null, '', '', '2021-09-19 22:07:05', '', '', '2021-09-19 22:07:05');
INSERT INTO `admin_permission`
VALUES ('1337084109473845248', '', '/xboot/actBusiness/apply*', '', '', '提交申请', '1', null, '3', 'enable', '0', '',
        '3.00', '', '', '81558529864896512', null, '', '', '2021-09-19 22:07:05', '', '', '2021-09-19 22:07:05');
INSERT INTO `admin_permission`
VALUES ('1337084263631294465', '', '/xboot/actBusiness/cancel*', '', '', '撤回申请', '1', '', '3', 'disable', '0', '',
        '3.00', '', '', '81558529864896512', '', '', '', '2021-09-19 22:07:05', '', '', '2021-09-19 22:07:05');
INSERT INTO `admin_permission`
VALUES ('1337084380564295681', '', '/xboot/actProcess/delHistoricInsByIds**', '', '', '删除结束流程', '1', null, '3',
        'delete', '0', '', '1.00', '', '', '117806106536841216', null, '', '', '2021-09-19 22:07:05', '', '',
        '2021-09-19 22:07:05');
INSERT INTO `admin_permission`
VALUES ('1337087041741131777', '', '/xboot/actProcess/editStartUser**', '', '', '编辑流程发起人', '1', null, '3', 'edit', '0',
        '', '0.00', '', '', '76914082455752704', null, '', '', '2021-09-19 22:07:05', '', '', '2021-09-19 22:07:05');
INSERT INTO `admin_permission`
VALUES ('1337087257902977024', '', '/xboot/client/save**', '', '', '添加网站', '1', null, '3', 'add', '0', '', '1.00', '',
        '', '211251678651879424', null, '', '', '2021-09-19 22:07:05', '', '', '2021-09-19 22:07:05');
INSERT INTO `admin_permission`
VALUES ('1337087364513796097', '', '/xboot/client/delByIds**', '', '', '删除网站', '1', '', '3', 'delete', '0', '', '3.00',
        '', '', '211251678651879424', '', '', '', '2021-09-19 22:07:05', '', '', '2021-09-19 22:07:05');
INSERT INTO `admin_permission`
VALUES ('1337087482155634689', '', '/xboot/client/update**', '', '', '编辑网站', '1', '', '3', 'edit', '0', '', '2.00',
        '', '', '211251678651879424', '', '', '', '2021-09-19 22:07:05', '', '', '2021-09-19 22:07:05');
INSERT INTO `admin_permission`
VALUES ('1337087799127576577', '', '/xboot/redis/getAllByPage**', '', '', '获取Redis', '1', null, '3', 'view', '0', '',
        '1.00', '', '', '121426317022334976', null, '', '', '2021-09-19 22:07:05', '', '', '2021-09-19 22:07:05');
INSERT INTO `admin_permission`
VALUES ('1337087867276627969', '', '/xboot/redis/save', '', '', '添加Redis', '1', null, '3', 'add', '0', '', '2.00', '',
        '', '121426317022334976', null, '', '', '2021-09-19 22:07:05', '', '', '2021-09-19 22:07:05');
INSERT INTO `admin_permission`
VALUES ('1337087940756639745', '', '/xboot/redis/delByKeys**', '', '', '删除Redis', '1', null, '3', 'delete', '0', '',
        '2.00', '', '', '121426317022334976', null, '', '', '2021-09-19 22:07:05', '', '', '2021-09-19 22:07:05');
INSERT INTO `admin_permission`
VALUES ('1337088037640867841', '', '/xboot/redis/delAll', '', '', '清空Redis', '1', null, '3', 'clear', '0', '', '2.00',
        '', '', '121426317022334976', null, '', '', '2021-09-19 22:07:05', '', '', '2021-09-19 22:07:05');
INSERT INTO `admin_permission`
VALUES ('1337088390826430465', '', '/xboot/app/member/admin/add**', '', '', '添加会员', '1', null, '3', 'add', '0', '',
        '1.00', '', '', '1251153074307862528', null, '', '', '2021-09-19 22:07:05', '', '', '2021-09-19 22:07:05');
INSERT INTO `admin_permission`
VALUES ('1337088472535666689', '', '/xboot/app/member/admin/edit**', '', '', '编辑会员', '1', null, '3', 'edit', '0', '',
        '2.00', '', '', '1251153074307862528', null, '', '', '2021-09-19 22:07:05', '', '', '2021-09-19 22:07:05');
INSERT INTO `admin_permission`
VALUES ('1337088563610783745', '', '/xboot/app/member/delByIds**', '', '', '删除会员', '1', null, '3', 'delete', '0', '',
        '3.00', '', '', '1251153074307862528', null, '', '', '2021-09-19 22:07:05', '', '', '2021-09-19 22:07:05');
INSERT INTO `admin_permission`
VALUES ('1347151276110123008', 'auto-chat', '/auto-chat', 'Main', 'logo-twitch', '智能助手客服', '0', '', '1', '', '0', '',
        '1.30', '', '', '125909152017944576', '', '', '', '2021-09-19 22:07:05', '', '', '2021-09-19 22:07:05');
INSERT INTO `admin_permission`
VALUES ('1347154151167102977', 'chat-setting', 'chat-setting', 'auto-chat/setting/setting', 'md-desktop', '页面基本配置[付费]',
        '0', '', '2', '', '0', '', '1.00', '', '', '1347151276110123008', '', '', '', '2021-09-19 22:07:05', '', '',
        '2021-09-19 22:07:05');
INSERT INTO `admin_permission`
VALUES ('1347154848814075905', 'chat-reply', 'chat-reply', 'auto-chat/reply/reply', 'ios-chatboxes', '自动回复配置[付费]', '0',
        '', '2', '', '0', '', '2.00', '', '', '1347151276110123008', '', '', '', '2021-09-19 22:07:05', '', '',
        '2021-09-19 22:07:05');
INSERT INTO `admin_permission`
VALUES ('1348946449513189376', 'dashboard3', 'dashboard3', 'xboot-charts/dashboard3/dashboard3', 'ios-stats',
        'Dashboard3[付费]', '0', null, '2', '', '0', '', '3.00', '', '', '210154306362413056', null, '', '',
        '2021-09-19 22:07:05', '', '', '2021-09-19 22:07:05');
INSERT INTO `admin_permission`
VALUES ('1348954596869017600', 'dashboard4', 'dashboard4', 'xboot-charts/dashboard4/dashboard4', 'md-timer',
        'Dashboard4[付费]', '0', null, '2', '', '0', '', '4.00', '', '', '210154306362413056', null, '', '',
        '2021-09-19 22:07:05', '', '', '2021-09-19 22:07:05');
INSERT INTO `admin_permission`
VALUES ('1354853724400521217', '', '/xboot/autoChat/save**', '', '', '添加回复', '1', '', '3', 'add', '0', '', '1.00', '',
        '', '1347154848814075905', '', '', '', '2021-09-19 22:07:05', '', '', '2021-09-19 22:07:05');
INSERT INTO `admin_permission`
VALUES ('1354853977182834688', '', '/xboot/autoChat/update**', '', '', '编辑回复', '1', null, '3', 'edit', '0', '', '2.00',
        '', '', '1347154848814075905', null, '', '', '2021-09-19 22:07:05', '', '', '2021-09-19 22:07:05');
INSERT INTO `admin_permission`
VALUES ('1354854134687338496', '', '/xboot/autoChat/delByIds**', '', '', '删除回复', '1', null, '3', 'delete', '0', '',
        '3.00', '', '', '1347154848814075905', null, '', '', '2021-09-19 22:07:05', '', '', '2021-09-19 22:07:05');
INSERT INTO `admin_permission`
VALUES ('1398216161723813889', 'material', '', 'hot', 'ios-apps', 'XBoot物料中心', '-1', 'http://material.exrick.cn', '0',
        '', '0', '', '1.10', '', '', '0', 'window', '', '', '2021-09-19 22:07:05', '', '', '2021-09-19 22:07:05');

-- ----------------------------
-- Table structure for `admin_permission_copy`
-- ----------------------------
DROP TABLE IF EXISTS `admin_permission_copy`;
CREATE TABLE `admin_permission_copy`
(
    `id`           varchar(32) NOT NULL COMMENT '主键',
    `name`         varchar(255)     DEFAULT NULL COMMENT '菜单名称',
    `path`         varchar(255)     DEFAULT NULL COMMENT '菜单路径',
    `title`        varchar(255)     DEFAULT NULL COMMENT '菜单标题（英文）',
    `hide_in_menu` tinyint(2)       DEFAULT '0' COMMENT '是否隐藏',
    `show_always`  tinyint(2)       DEFAULT '1' COMMENT '是否展示',
    `not_cache`    tinyint(255)     DEFAULT NULL COMMENT '设为true后页面不会缓存',
    `access`       varchar(255)     DEFAULT NULL COMMENT '可访问该页面的权限数组，当前路由设置的权限会影响子路由',
    `icon`         varchar(255)     DEFAULT NULL COMMENT '该页面在左侧菜单、面包屑和标签导航处显示的图标，如果是自定义图标，需要在图标名称前加下划线''_''',
    `href`         varchar(200)     DEFAULT '' COMMENT '外部链接',
    `component`    varchar(255)     DEFAULT NULL COMMENT 'vue加载路径',
    `enabled`      int(11)          DEFAULT '1' COMMENT '是否启用',
    `parent_id`    varchar(255)     DEFAULT NULL COMMENT '父节点id',
    `type`         tinyint(1)       DEFAULT '0' COMMENT '菜单类型（0：菜单，1按钮）',
    `btn_type`     varchar(30)      DEFAULT '0' COMMENT '按钮权限类型',
    `btn_code`     varchar(50)      DEFAULT NULL COMMENT '按钮代码',
    `sort`         int(10)          DEFAULT '0' COMMENT '排序值',
    `level`        tinyint(1)       DEFAULT NULL COMMENT '级别',
    `creater_id`   varchar(32)      DEFAULT '' COMMENT '创建人id',
    `create_by`    varchar(200)     DEFAULT '' COMMENT '创建人姓名',
    `create_time`  timestamp   NULL DEFAULT CURRENT_TIMESTAMP COMMENT '创建时间',
    `updater_id`   varchar(32)      DEFAULT '' COMMENT '修改人id',
    `update_by`    varchar(200)     DEFAULT '' COMMENT '修改人姓名',
    `update_time`  timestamp   NULL DEFAULT CURRENT_TIMESTAMP ON UPDATE CURRENT_TIMESTAMP COMMENT '修改时间',
    PRIMARY KEY (`id`)
) ENGINE = InnoDB
  DEFAULT CHARSET = utf8mb4 COMMENT ='后台权限表';

-- ----------------------------
-- Records of admin_permission_copy
-- ----------------------------
INSERT INTO `admin_permission_copy`
VALUES ('106134573410160500', 'system', '/system', '系统配置', '0', '1', null, null, 'md-checkmark-circle', '', '/Main',
        '1', '0', '0', '', '', '0', '1', '', '', '2021-09-05 12:59:40', '', '', '2021-09-19 13:00:34');
INSERT INTO `admin_permission_copy`
VALUES ('106134573410160501', 'user', 'user', '用户管理', '0', '1', null, null, 'ios-people', '',
        '/system/user-manage/userManage', '1', '106134573410160500', '0', '', '', '0', '2', '', '',
        '2021-09-05 12:59:40', '', '', '2021-09-19 13:00:34');
INSERT INTO `admin_permission_copy`
VALUES ('106134573410160502', 'role', 'role', '角色管理', '0', '1', null, null, 'md-contact', '', '/system/role/role', '1',
        '106134573410160500', '0', '', '', '1', '2', '', '', '2021-09-05 12:59:40', '', '', '2021-09-19 13:00:34');
INSERT INTO `admin_permission_copy`
VALUES ('106134573410160503', 'menu', 'menu', '菜单管理', '0', '1', null, null, 'md-menu', '',
        '/system/menu-manage/menuManage', '1', '106134573410160500', '0', '', '', '3', '2', '', '',
        '2021-09-05 12:59:40', '', '', '2021-09-19 13:00:34');
INSERT INTO `admin_permission_copy`
VALUES ('106134573410160504', 'dept', 'dept', '部门管理', '0', '1', null, null, 'md-nuclear', '',
        '/system/dept-manage/deptManage', '1', '106134573410160500', '0', '', '', '4', '2', '', '',
        '2021-09-05 12:59:40', '', '', '2021-09-19 13:00:34');
INSERT INTO `admin_permission_copy`
VALUES ('106134573410160640', 'dict', 'dict', '字典管理', '0', '1', null, null, 'ios-apps', '',
        '/system/dict-manage/dictManage', '1', '106134573410160500', '0', '', '', '7', '2', '', '',
        '2021-09-05 12:59:40', '', '', '2021-09-19 13:00:34');
INSERT INTO `admin_permission_copy`
VALUES ('106143842616479744', '添加字典', '/dict/add', '', '0', '1', null, null, '', '', '', '1', '106134573410160640', '1',
        '', 'sys_dict_add', '0', '3', '', '', '2021-09-05 12:59:41', '', '', '2021-09-19 13:00:34');
INSERT INTO `admin_permission_copy`
VALUES ('106145961096515584', '修改字典', '/api-user/dict/edit', '', '0', '1', null, null, '', '', '', '1',
        '106134573410160640', '1', '1', 'sys_dict_edit', '1', '3', '', '', '2021-09-05 12:59:41', '', '',
        '2021-09-19 13:00:34');
INSERT INTO `admin_permission_copy`
VALUES ('106612642122043392', 'monitor', '/monitor', '系统监控', '0', '1', null, null, 'md-desktop', '', '/Main', '1', '0',
        '0', '', '', '2', '1', '', '', '2021-09-05 12:59:41', '', '', '2021-09-19 13:00:34');
INSERT INTO `admin_permission_copy`
VALUES ('106616756197396480', 'nacos控制台', '', 'nacos控制台', '0', '1', null, null, 'md-analytics',
        'http://192.168.133.130:9999/nacos/', '/system/monitor/monitor', '1', '106612642122043392', '0', '0', '', '0',
        '2', '', '', '2021-09-05 12:59:41', '', '', '2021-09-19 12:22:14');
INSERT INTO `admin_permission_copy`
VALUES ('107956490026881024', 'consul监控', 'http://192.168.133.130:9999/nacos/', 'consul监控', '0', '1', null, null,
        'md-close', '', '/system/monitor/monitor', '1', '106612642122043392', '0', '0', '', '0', '2', '', '',
        '2021-09-05 12:59:41', '', '', '2021-09-19 13:00:34');
INSERT INTO `admin_permission_copy`
VALUES ('107969141201178624', 'admin监控', 'http://10.1.70.71:8084/login', 'admin监控', '0', '1', null, null, 'md-bonfire',
        '', '/system/monitor/monitor', '1', '106612642122043392', '0', '0', '', '0', '2', '', '', '2021-09-05 12:59:41',
        '', '', '2021-09-19 13:00:34');
INSERT INTO `admin_permission_copy`
VALUES ('108413665375424512', '添加用户', '/account/add', '添加用户', '0', '1', null, null, '', '', '', '1',
        '106134573410160501', '1', 'add', 'sys_account_add', '0', '3', '', '', '2021-09-05 12:59:41', '', '',
        '2021-09-19 13:00:34');
INSERT INTO `admin_permission_copy`
VALUES ('108414764002054144', '编辑用户', '/account/edit', '', '0', '1', null, null, '', '', '', '1', '106134573410160501',
        '1', '0', 'sys_account_edit', '0', '3', '', '', '2021-09-05 12:59:41', '', '', '2021-09-19 13:00:34');
INSERT INTO `admin_permission_copy`
VALUES ('108415040863866880', '禁用启用用户', '/account/disable', '', '0', '1', null, null, '', '', '', '1',
        '106134573410160501', '1', '0', 'sys_account_disable', '0', '3', '', '', '2021-09-05 12:59:41', '', '',
        '2021-09-19 13:00:34');
INSERT INTO `admin_permission_copy`
VALUES ('108415255486402560', '删除用户', '/account/*', '删除用户', '0', '1', null, null, '', '', '', '1', '106134573410160501',
        '1', 'delete', 'sys_account_del', '0', '3', '', '', '2021-09-05 12:59:41', '', '', '2021-09-19 13:00:34');
INSERT INTO `admin_permission_copy`
VALUES ('108470067800313856', '添加角色', '/role/add', '', '0', '1', null, null, '', '', '', '1', '106134573410160502', '1',
        '0', '', '0', '3', '', '', '2021-09-05 12:59:41', '', '', '2021-09-19 13:00:34');
INSERT INTO `admin_permission_copy`
VALUES ('108470158506332160', '编辑角色', '/role/edit', '编辑角色', '0', '1', null, null, '', '', '', '1', '106134573410160502',
        '1', 'update', '', '0', '3', '', '', '2021-09-05 12:59:41', '', '', '2021-09-19 13:00:34');
INSERT INTO `admin_permission_copy`
VALUES ('108470269089157120', '删除角色', '/role/del/**', '', '0', '1', null, null, '', '', '', '1', '106134573410160502',
        '1', '0', '', '0', '3', '', '', '2021-09-05 12:59:42', '', '', '2021-09-19 13:00:34');
INSERT INTO `admin_permission_copy`
VALUES ('108470475503439872', '菜单权限', '/role/editPerm', '', '0', '1', null, null, '', '', '', '1', '106134573410160502',
        '1', '0', '', '1', '3', '', '', '2021-09-05 12:59:42', '', '', '2021-09-19 13:00:34');
INSERT INTO `admin_permission_copy`
VALUES ('108470681737367552', '数据权限', '/role/editDept', '', '0', '1', null, null, '', '', '', '1', '106134573410160502',
        '1', '0', '', '1', '3', '', '', '2021-09-05 12:59:42', '', '', '2021-09-19 13:00:34');
INSERT INTO `admin_permission_copy`
VALUES ('108470940857274368', '添加菜单', '/permission/add', '', '0', '1', null, null, '', '', '', '1',
        '106134573410160503', '1', '0', '', '0', '3', '', '', '2021-09-05 12:59:42', '', '', '2021-09-19 13:00:34');
INSERT INTO `admin_permission_copy`
VALUES ('108471032284712960', '编辑菜单', '/permission/edit', '', '0', '1', null, null, '', '', '', '1',
        '106134573410160503', '1', '0', '', '0', '3', '', '', '2021-09-05 12:59:42', '', '', '2021-09-19 13:00:34');
INSERT INTO `admin_permission_copy`
VALUES ('108471143521849344', '删除菜单', '/permission/del/**', '', '0', '1', null, null, '', '', '', '1',
        '106134573410160503', '1', '0', '', '0', '3', '', '', '2021-09-05 12:59:42', '', '', '2021-09-19 13:00:34');
INSERT INTO `admin_permission_copy`
VALUES ('108471310111215616', '添加部门', '/dept/add', '', '0', '1', null, null, '', '', '', '1', '106134573410160504', '1',
        '0', '', '0', '3', '', '', '2021-09-05 12:59:42', '', '', '2021-09-19 13:00:34');
INSERT INTO `admin_permission_copy`
VALUES ('108471396610347008', '编辑部门', '/dept/eidt', '编辑部门', '0', '1', null, null, '', '', '', '1', '106134573410160504',
        '1', 'update', '', '0', '3', '', '', '2021-09-05 12:59:42', '', '', '2021-09-19 13:00:34');
INSERT INTO `admin_permission_copy`
VALUES ('108471485655420928', '删除部门', '/dept/del', '', '0', '1', null, null, '', '', '', '1', '106134573410160504', '1',
        '0', '', '0', '3', '', '', '2021-09-05 12:59:42', '', '', '2021-09-19 13:00:34');
INSERT INTO `admin_permission_copy`
VALUES ('109185669972103168', '添加字典数据', '/dictdata/add', '', '0', '1', null, null, '', '', '', '1',
        '106134573410160640', '1', '0', '', '0', '3', '', '', '2021-09-05 12:59:42', '', '', '2021-09-19 13:00:34');
INSERT INTO `admin_permission_copy`
VALUES ('109194757376315392', '修改字典数据', '/dictdata/update', '', '0', '1', null, null, '', '', '', '1',
        '106134573410160640', '1', '0', '', '0', '3', '', '', '2021-09-05 12:59:42', '', '', '2021-09-19 13:00:34');
INSERT INTO `admin_permission_copy`
VALUES ('109385739191455744', '删除字典数据', '/dictdata/del/*', '删除数据', '0', '1', null, null, '', '', '', '1',
        '106134573410160640', '1', '3', '', '0', '3', '', '', '2021-09-05 12:59:43', '', '', '2021-09-19 13:00:34');
INSERT INTO `admin_permission_copy`
VALUES ('109395715276410880', '工作流', '/activiti', '工作流', '0', '1', null, null, 'md-pulse', '', '/Main', '1', '0', '0',
        '0', '', '1', '1', '', '', '2021-09-05 12:59:43', '', '', '2021-09-19 13:00:34');
INSERT INTO `admin_permission_copy`
VALUES ('109396310137769984', '我的申请', 'apply-manage', '我的申请', '0', '1', null, null, 'md-alert', '',
        '/activiti/apply-manage/applyManage', '1', '109395715276410880', '0', '0', '', '0', '2', '', '',
        '2021-09-05 12:59:43', '', '', '2021-09-19 13:00:34');
INSERT INTO `admin_permission_copy`
VALUES ('109396514354237440', '我的待办', 'todo-manage', '我的待办', '0', '1', null, null, 'ios-american-football', '',
        '/activiti/todo-manage/todoManage', '1', '109395715276410880', '0', '0', '', '0', '2', '', '',
        '2021-09-05 12:59:43', '', '', '2021-09-19 13:00:34');
INSERT INTO `admin_permission_copy`
VALUES ('109396651658973184', '我的已办', 'complate-manage', '我的已办', '0', '1', null, null, 'ios-beer', '',
        '/activiti/complate-manage/complateManage', '1', '109395715276410880', '0', '0', '', '3', '2', '', '',
        '2021-09-05 12:59:43', '', '', '2021-09-19 13:00:34');
INSERT INTO `admin_permission_copy`
VALUES ('109396805476683776', '运行中的流程', 'process-ins-manage', '运行中的流程', '0', '1', null, null, 'md-bookmark', '',
        '/activiti/process-ins-manage/processInsManage', '1', '109395715276410880', '0', '0', '', '4', '2', '', '',
        '2021-09-05 12:59:43', '', '', '2021-09-19 13:00:34');
INSERT INTO `admin_permission_copy`
VALUES ('109396987530448896', '流程管理', 'process-manage', '流程管理', '0', '1', null, null, 'md-code-working', '',
        '/activiti/process-manage/processManage', '1', '109395715276410880', '0', '0', '', '5', '2', '', '',
        '2021-09-05 12:59:43', '', '', '2021-09-19 13:00:34');
INSERT INTO `admin_permission_copy`
VALUES ('109397142623227904', '模型管理', 'model-manage', '模型管理', '0', '1', null, null, 'md-cube', '',
        '/activiti/model-manage/modelManage', '1', '109395715276410880', '0', '0', '', '6', '2', '', '',
        '2021-09-05 12:59:43', '', '', '2021-09-19 13:00:34');
INSERT INTO `admin_permission_copy`
VALUES ('109397297376268288', '流程分类管理', 'category-manage', '流程分类管理', '0', '1', null, null, 'md-bowtie', '',
        '/activiti/category-manage/categoryManage', '1', '109395715276410880', '0', '0', '', '7', '2', '', '',
        '2021-09-05 12:59:43', '', '', '2021-09-19 13:00:34');
INSERT INTO `admin_permission_copy`
VALUES ('110568738775896064', 'Kibana监控', 'http://10.1.70.84:5601', 'Kibana监控', '0', '1', null, null, 'md-eye', '',
        '/system/monitor/monitor', '1', '106612642122043392', '0', '0', '', '1', '2', '', '', '2021-09-05 12:59:43', '',
        '', '2021-09-19 13:00:34');
INSERT INTO `admin_permission_copy`
VALUES ('110569708826136576', 'es-head监控', 'http://10.2.95.29:9100/', 'es-head监控', '0', '1', null, null,
        'logo-designernews', '', '/system/monitor/monitor', '1', '106612642122043392', '0', '0', '', '1', '2', '', '',
        '2021-09-05 12:59:43', '', '', '2021-09-19 13:00:34');
INSERT INTO `admin_permission_copy`
VALUES ('110570269952708608', 'Grafana监控', 'http://192.168.52.130:3000', 'Grafana监控', '0', '1', null, null, 'ios-cog',
        '', '/system/monitor/monitor', '1', '106612642122043392', '0', '0', '', '1', '2', '', '', '2021-09-05 12:59:43',
        '', '', '2021-09-19 13:00:34');
INSERT INTO `admin_permission_copy`
VALUES ('110658154085224448', '添加模型', '/model/add', '', '0', '1', null, null, '', '', '', '1', '109397142623227904',
        '1', '0', '', '0', '3', '', '', '2021-09-05 12:59:44', '', '', '2021-09-19 13:00:34');
INSERT INTO `admin_permission_copy`
VALUES ('110919528413663232', '部署发布模型', '/api-act/model/deploy', '', '0', '1', null, null, '', '', '', '1',
        '109397142623227904', '1', '0', '', '0', '3', '', '', '2021-09-05 12:59:44', '', '', '2021-09-19 13:00:34');
INSERT INTO `admin_permission_copy`
VALUES ('112033111574843392', '节点编辑', 'process_node_edit', '节点编辑', '1', '1', null, null, 'ios-aperture', '',
        '/activiti/process-manage/processNodeEdit', '1', '109395715276410880', '0', '0', '', '1', '2', '', '',
        '2021-09-05 12:59:44', '', '', '2021-09-19 13:00:34');
INSERT INTO `admin_permission_copy`
VALUES ('164523909301932032', 'RabbitMQ监控', 'http://10.1.70.71:15672', 'RabbitMQ监控', '0', '1', null, null,
        'ios-analytics', '', '/system/monitor/monitor', '1', '106612642122043392', '0', '0', '', '8', '2', '', '',
        '2021-09-05 12:59:44', '', '', '2021-09-19 13:00:34');
INSERT INTO `admin_permission_copy`
VALUES ('166752626828906496', '登录背景管理', 'loginbg', '登录背景管理', '0', '1', null, null, 'ios-flower', '',
        '/system/loginbg-manage/loginbg-manage', '1', '106134573410160500', '0', '0', '', '9', '2', '', '',
        '2021-09-05 12:59:44', '', '', '2021-09-19 13:00:34');
INSERT INTO `admin_permission_copy`
VALUES ('170725600422531072', '添加背景', '/sysLoginConfig/add', '添加背景', '0', '1', null, null, '', '', '', '1',
        '166752626828906496', '1', '0', '', '0', '3', '', '', '2021-09-05 12:59:44', '', '', '2021-09-19 13:00:34');
INSERT INTO `admin_permission_copy`
VALUES ('174294960210710528', '设置背景', '/sysLoginConfig/set/*', '添加背景', '0', '1', null, null, '', '', '', '1',
        '166752626828906496', '1', '0', '', '2', '3', '', '', '2021-09-05 12:59:44', '', '', '2021-09-19 13:00:34');
INSERT INTO `admin_permission_copy`
VALUES ('219919116859871232', 'SKY-walking监控', 'http://10.1.70.84:8080', 'SKY-walking监控', '0', '1', null, null,
        'ios-bug', '', '/system/monitor/monitor', '1', '106612642122043392', '0', '0', '', '0', '2', '', '',
        '2021-09-05 12:59:44', '', '', '2021-09-19 13:00:34');
INSERT INTO `admin_permission_copy`
VALUES ('219919912364150785', 'Swagger文档', 'http://localhost:8443/swagger-ui.html', 'Swagger文档', '0', '1', null, null,
        'md-browsers', '', '/system/monitor/monitor', '1', '106612642122043392', '0', '0', '', '3', '2', '', '',
        '2021-09-05 12:59:44', '', '', '2021-09-19 13:00:34');
INSERT INTO `admin_permission_copy`
VALUES ('227960687266107392', '商铺管理', 'test', '商铺管理', '0', '1', null, null, 'md-add-circle', '', '/Layout', '1', '0',
        '0', '0', '', '0', '1', '', '', '2021-09-05 12:59:44', '', '', '2021-09-19 13:00:34');
INSERT INTO `admin_permission_copy`
VALUES ('227960735903256576', '商铺添加', 'test', '商铺添加', '0', '1', null, null, 'md-albums', '', 'test', '1',
        '227960687266107392', '0', '0', '', '0', '2', '', '', '2021-09-05 12:59:44', '', '', '2021-09-19 13:00:34');

-- ----------------------------
-- Table structure for `admin_role`
-- ----------------------------
DROP TABLE IF EXISTS `admin_role`;
CREATE TABLE `admin_role`
(
    `id`          varchar(32) NOT NULL COMMENT '主键',
    `role_name`   varchar(200)     DEFAULT NULL COMMENT '角色名称',
    `role_code`   varchar(32)      DEFAULT NULL COMMENT '角色code',
    `def`         tinyint(1)       DEFAULT '0' COMMENT '是否默认(1是，0否)',
    `remark`      varchar(200)     DEFAULT NULL COMMENT '备注',
    `creater_id`  varchar(32)      DEFAULT '' COMMENT '创建人id',
    `create_by`   varchar(200)     DEFAULT '' COMMENT '创建人姓名',
    `create_time` timestamp   NULL DEFAULT CURRENT_TIMESTAMP COMMENT '创建时间',
    `updater_id`  varchar(32)      DEFAULT '' COMMENT '修改人id',
    `update_by`   varchar(200)     DEFAULT '' COMMENT '修改人姓名',
    `update_time` timestamp   NULL DEFAULT CURRENT_TIMESTAMP ON UPDATE CURRENT_TIMESTAMP COMMENT '修改时间',
    PRIMARY KEY (`id`)
) ENGINE = InnoDB
  DEFAULT CHARSET = utf8mb4 COMMENT ='后台角色表';

-- ----------------------------
-- Records of admin_role
-- ----------------------------
INSERT INTO `admin_role`
VALUES ('1439802264918814721', '测试角色', 'TEST', '0', '测试啊啊', null, null, '2021-09-20 12:03:56', null, null,
        '2021-09-20 12:12:17');
INSERT INTO `admin_role`
VALUES ('16457350655250432', '普通管理员', 'ROLE_NORMAL', '0', '管理员', '1', '', '2021-09-05 13:04:18', '', '',
        '2021-09-20 12:20:32');
INSERT INTO `admin_role`
VALUES ('496138616573952', '超级管理员', 'ROLE_ADMIN', '1', '超管', '1', '', '2021-09-05 13:04:18', null, null,
        '2021-09-20 12:20:34');
INSERT INTO `admin_role`
VALUES ('496138616573953', '游客', 'ROLE_GUEST', '0', '游客', '1', '', '2021-09-05 13:04:18', '', '',
        '2021-09-20 12:20:54');

-- ----------------------------
-- Table structure for `oauth_access_token`
-- ----------------------------
DROP TABLE IF EXISTS `oauth_access_token`;
CREATE TABLE `oauth_access_token`
(
    `token_id`          varchar(128) DEFAULT NULL,
    `token`             blob,
    `authentication_id` varchar(128) NOT NULL,
    `user_name`         varchar(128) DEFAULT NULL,
    `client_id`         varchar(128) DEFAULT NULL,
    `authentication`    blob,
    `refresh_token`     varchar(128) DEFAULT NULL,
    PRIMARY KEY (`authentication_id`) USING BTREE
) ENGINE = InnoDB
  DEFAULT CHARSET = utf8
  ROW_FORMAT = COMPACT;

-- ----------------------------
-- Records of oauth_access_token
-- ----------------------------

-- ----------------------------
-- Table structure for `oauth_approvals`
-- ----------------------------
DROP TABLE IF EXISTS `oauth_approvals`;
CREATE TABLE `oauth_approvals`
(
    `userId`         varchar(128)          DEFAULT NULL,
    `clientId`       varchar(128)          DEFAULT NULL,
    `scope`          varchar(128)          DEFAULT NULL,
    `status`         varchar(10)           DEFAULT NULL,
    `expiresAt`      timestamp    NOT NULL DEFAULT CURRENT_TIMESTAMP ON UPDATE CURRENT_TIMESTAMP,
    `lastModifiedAt` varchar(128) NOT NULL DEFAULT '0000-00-00 00:00:00'
) ENGINE = InnoDB
  DEFAULT CHARSET = utf8
  ROW_FORMAT = COMPACT;

-- ----------------------------
-- Records of oauth_approvals
-- ----------------------------

-- ----------------------------
-- Table structure for `oauth_client_details`
-- ----------------------------
DROP TABLE IF EXISTS `oauth_client_details`;
CREATE TABLE `oauth_client_details`
(
    `client_id`               varchar(128) NOT NULL,
    `resource_ids`            varchar(128)  DEFAULT NULL,
    `client_secret`           varchar(128)  DEFAULT NULL,
    `scope`                   varchar(128)  DEFAULT NULL,
    `authorized_grant_types`  varchar(128)  DEFAULT NULL,
    `web_server_redirect_uri` varchar(128)  DEFAULT NULL,
    `authorities`             varchar(128)  DEFAULT NULL,
    `access_token_validity`   int(11)       DEFAULT NULL,
    `refresh_token_validity`  int(11)       DEFAULT NULL,
    `additional_information`  varchar(4096) DEFAULT NULL,
    `autoapprove`             varchar(128)  DEFAULT NULL,
    PRIMARY KEY (`client_id`) USING BTREE
) ENGINE = InnoDB
  DEFAULT CHARSET = utf8
  ROW_FORMAT = COMPACT;

-- ----------------------------
-- Records of oauth_client_details
-- ----------------------------
INSERT INTO `oauth_client_details`
VALUES ('lehe', null, '$2a$10$QU/IJrgiaQPLha8onXj.e.JmJczRUUBv72o6Aio.zsrUTGodbH84W', 'server',
        'password,refresh_token,sms_code', null, null, null, null, null, null);

-- ----------------------------
-- Table structure for `oauth_client_token`
-- ----------------------------
DROP TABLE IF EXISTS `oauth_client_token`;
CREATE TABLE `oauth_client_token`
(
    `token_id`          varchar(128) DEFAULT NULL,
    `token`             blob,
    `authentication_id` varchar(128) NOT NULL,
    `user_name`         varchar(128) DEFAULT NULL,
    `client_id`         varchar(128) DEFAULT NULL,
    PRIMARY KEY (`authentication_id`) USING BTREE
) ENGINE = InnoDB
  DEFAULT CHARSET = utf8
  ROW_FORMAT = COMPACT;

-- ----------------------------
-- Records of oauth_client_token
-- ----------------------------

-- ----------------------------
-- Table structure for `oauth_code`
-- ----------------------------
DROP TABLE IF EXISTS `oauth_code`;
CREATE TABLE `oauth_code`
(
    `code`           varchar(128) DEFAULT NULL,
    `authentication` blob
) ENGINE = InnoDB
  DEFAULT CHARSET = utf8
  ROW_FORMAT = COMPACT;

-- ----------------------------
-- Records of oauth_code
-- ----------------------------

-- ----------------------------
-- Table structure for `oauth_refresh_token`
-- ----------------------------
DROP TABLE IF EXISTS `oauth_refresh_token`;
CREATE TABLE `oauth_refresh_token`
(
    `token_id`       varchar(128) DEFAULT NULL,
    `token`          blob,
    `authentication` text
) ENGINE = InnoDB
  DEFAULT CHARSET = utf8
  ROW_FORMAT = COMPACT;

-- ----------------------------
-- Records of oauth_refresh_token
-- ----------------------------

-- ----------------------------
-- Table structure for `sys_dict`
-- ----------------------------
DROP TABLE IF EXISTS `sys_dict`;
CREATE TABLE `sys_dict`
(
    `id`          varchar(32) NOT NULL COMMENT '主键',
    `title`       varchar(200)     DEFAULT NULL COMMENT '分类名称',
    `sort`        decimal(8, 2)    DEFAULT NULL COMMENT '排序',
    `type`        varchar(200)     DEFAULT NULL COMMENT '类型',
    `remark`      varchar(200)     DEFAULT NULL COMMENT '备注',
    `create_time` timestamp   NULL DEFAULT CURRENT_TIMESTAMP COMMENT '创建时间',
    `update_time` timestamp   NULL DEFAULT CURRENT_TIMESTAMP ON UPDATE CURRENT_TIMESTAMP COMMENT '修改时间',
    `create_by`   varchar(50)      DEFAULT NULL COMMENT '创建人',
    `update_by`   varchar(50)      DEFAULT NULL COMMENT '修改人',
    `is_del`      tinyint(1)       DEFAULT NULL COMMENT '是否删除',
    PRIMARY KEY (`id`)
) ENGINE = InnoDB
  DEFAULT CHARSET = utf8mb4 COMMENT ='系统字典分类表';

-- ----------------------------
-- Records of sys_dict
-- ----------------------------
INSERT INTO `sys_dict`
VALUES ('109134282798141440', '按钮', '0.00', 'btns', '按钮类型aaaaa', '2019-02-14 22:37:09', '2019-02-14 22:37:09', null,
        null, '0');
INSERT INTO `sys_dict`
VALUES ('112019561045299200', '业务表', '0.00', 'business_table', '业务表名称', '2019-02-18 16:39:33', '2019-02-18 16:39:33',
        'admin', 'admin', '0');
INSERT INTO `sys_dict`
VALUES ('112020729888772096', '业务表单路由', '0.00', 'business_form_route', '业务表单路由', '2019-02-18 16:39:33',
        '2019-02-18 16:39:33', 'admin', 'admin', '0');
INSERT INTO `sys_dict`
VALUES ('112300759982280704', '流程节点类型', '0.00', 'process_node_type', '流程节点类型', '2019-02-18 19:32:05',
        '2019-02-18 19:32:05', 'admin', 'admin', '0');
INSERT INTO `sys_dict`
VALUES ('113500643234156544', '请假类型', '0.00', 'leave', '请假', '2019-02-19 20:53:08', '2019-02-19 20:53:08', 'admin',
        'admin', '0');
INSERT INTO `sys_dict`
VALUES ('114108805679157248', '优先级', '0.00', 'priority', '', '2019-02-20 00:38:17', '2019-02-20 00:38:17', 'admin',
        'admin', '0');
INSERT INTO `sys_dict`
VALUES ('ssss', '性别', '0.10', 'sex', '性别', '2019-02-14 18:52:38', '2019-02-14 18:53:04', null, null, '0');

-- ----------------------------
-- Table structure for `sys_dict_data`
-- ----------------------------
DROP TABLE IF EXISTS `sys_dict_data`;
CREATE TABLE `sys_dict_data`
(
    `id`          varchar(32) NOT NULL COMMENT '主键',
    `dict_id`     varchar(50)      DEFAULT NULL COMMENT '分类id',
    `type`        varchar(50)      DEFAULT NULL COMMENT '分类名称(字典类型)',
    `title`       varchar(50)      DEFAULT NULL COMMENT '键',
    `val`         varchar(50)      DEFAULT NULL COMMENT '值',
    `sort`        decimal(6, 2)    DEFAULT NULL COMMENT '排序',
    `remark`      varchar(200)     DEFAULT NULL COMMENT '备注',
    `status`      int(11)          DEFAULT NULL COMMENT '状态',
    `create_time` timestamp   NULL DEFAULT CURRENT_TIMESTAMP COMMENT '创建时间',
    `update_time` timestamp   NULL DEFAULT CURRENT_TIMESTAMP ON UPDATE CURRENT_TIMESTAMP COMMENT '修改时间',
    `create_by`   varchar(50)      DEFAULT NULL COMMENT '创建人',
    `update_by`   varchar(50)      DEFAULT NULL COMMENT '修改人',
    `is_del`      tinyint(1)       DEFAULT NULL COMMENT '是否删除',
    PRIMARY KEY (`id`)
) ENGINE = InnoDB
  DEFAULT CHARSET = utf8mb4 COMMENT ='系统分类数据表';

-- ----------------------------
-- Records of sys_dict_data
-- ----------------------------
INSERT INTO `sys_dict_data`
VALUES ('109381777952346112', '109134282798141440', 'btns', '添加操作（ADD）', 'add', '0.00', '添加', '0',
        '2019-02-15 01:18:24', '2019-02-15 01:18:24', null, null, '0');
INSERT INTO `sys_dict_data`
VALUES ('109382543282802688', 'ssss', 'sex', '男', '1', '0.00', 'male', '0', '2019-02-15 01:21:26',
        '2019-02-15 01:21:26', null, null, '0');
INSERT INTO `sys_dict_data`
VALUES ('109382659376943104', 'ssss', 'sex', '女', '0', '0.10', 'female', '0', '2019-02-15 01:21:54',
        '2019-02-15 01:21:54', null, null, '0');
INSERT INTO `sys_dict_data`
VALUES ('109382766780485632', 'ssss', 'sex', '未知', '3', '0.00', 'unknown', '0', '2019-02-15 01:22:19',
        '2019-02-15 01:22:19', null, null, '0');
INSERT INTO `sys_dict_data`
VALUES ('109382922359803904', '109134282798141440', 'btns', '修改操作（UPDATE）', 'update', '2.00', '修改', '0',
        '2019-02-15 01:22:56', '2019-02-15 01:22:56', null, null, '0');
INSERT INTO `sys_dict_data`
VALUES ('109383185778872320', '109134282798141440', 'btns', '删除操作（DELETE）', 'delete', '3.00', '', '0',
        '2019-02-15 01:22:56', '2019-02-15 01:22:56', null, null, '0');
INSERT INTO `sys_dict_data`
VALUES ('109383494014078976', '109134282798141440', 'btns', '启用操作（ENABLE）', 'enable', '4.00', '', '0',
        '2019-02-15 01:22:56', '2019-02-15 01:22:56', null, null, '0');
INSERT INTO `sys_dict_data`
VALUES ('109383551073390592', '109134282798141440', 'btns', '禁用操作（DISABLE）', 'disable', '5.00', '', '0',
        '2019-02-15 01:22:56', '2019-02-15 01:22:56', null, null, '0');
INSERT INTO `sys_dict_data`
VALUES ('109383677665873920', '109134282798141440', 'btns', '批量删除（BATCH-DELETE）', 'batch-del', '6.00', '', '0',
        '2019-02-15 01:22:56', '2019-02-15 01:22:56', null, null, '0');
INSERT INTO `sys_dict_data`
VALUES ('109384351816355840', '109134282798141440', 'btns', '清空操作（CLEAR）', 'clear', '0.00', '测试', '0',
        '2019-02-15 01:22:56', '2019-02-15 01:22:56', null, 'admin', '0');
INSERT INTO `sys_dict_data`
VALUES ('109393044230377472', '109134282798141440', 'btns', '导入操作（IMPORT）', 'import', '7.00', '导入', '0',
        '2019-02-15 02:03:10', '2019-02-15 02:03:10', null, null, '0');
INSERT INTO `sys_dict_data`
VALUES ('109393137583001600', '109134282798141440', 'btns', '导出操作（EXPROT）', 'export', '8.00', '导出', '0',
        '2019-02-15 02:03:32', '2019-02-15 02:03:32', null, null, '0');
INSERT INTO `sys_dict_data`
VALUES ('109393296324825088', '109134282798141440', 'btns', '搜索操作（SEARCH）', 'search', '9.00', '提交搜索', '0',
        '2019-02-15 02:04:10', '2019-02-15 02:04:10', null, null, '0');
INSERT INTO `sys_dict_data`
VALUES ('109393462083719168', '109134282798141440', 'btns', '设置默认操作（SET_DEFAULT）', 'set_default', '10.00', '设置默认', '0',
        '2019-02-15 02:04:50', '2019-02-15 02:04:50', null, null, '0');
INSERT INTO `sys_dict_data`
VALUES ('112019913324892160', '112019561045299200', 'business_table', '请假申请表', 'leave', '0.00', '请假申请', '0',
        '2019-02-18 16:40:57', '2019-02-18 16:40:57', 'admin', 'admin', '0');
INSERT INTO `sys_dict_data`
VALUES ('112020511671717888', '112019561045299200', 'business_table', '合同表', 'contract', '0.20', '合同表', '0',
        '2019-02-18 16:43:20', '2019-02-18 16:43:20', 'admin', 'admin', '0');
INSERT INTO `sys_dict_data`
VALUES ('112020884268519424', '112020729888772096', 'business_form_route', '请假', 'leave', '0.00', '请假', '0',
        '2019-02-18 16:40:57', '2019-02-18 16:40:57', 'admin', 'admin', '0');
INSERT INTO `sys_dict_data`
VALUES ('112300842987556864', '112300759982280704', 'process_node_type', '开始节点', '0', '0.00', '流程开始节点', '0',
        '2019-02-18 19:32:24', '2019-02-18 19:32:24', 'admin', 'admin', '0');
INSERT INTO `sys_dict_data`
VALUES ('112300937887879168', '112300759982280704', 'process_node_type', '审批节点', '1', '0.00', '流程审批', '0',
        '2019-02-18 19:32:47', '2019-02-18 19:32:47', 'admin', 'admin', '0');
INSERT INTO `sys_dict_data`
VALUES ('112301018418515968', '112300759982280704', 'process_node_type', '结束节点', '2', '0.00', '流程结束', '0',
        '2019-02-18 19:32:24', '2019-02-18 19:32:24', 'admin', 'admin', '0');
INSERT INTO `sys_dict_data`
VALUES ('113500963620261888', '113500643234156544', 'leave', '事假', '1', '0.00', '事假', '0', '2019-02-19 20:54:24',
        '2019-02-19 20:54:24', 'admin', 'admin', '0');
INSERT INTO `sys_dict_data`
VALUES ('113501005118705664', '113500643234156544', 'leave', '病假', '2', '0.00', '病假', '0', '2019-02-19 20:54:34',
        '2019-02-19 20:54:34', 'admin', 'admin', '0');
INSERT INTO `sys_dict_data`
VALUES ('113501053130903552', '113500643234156544', 'leave', '产假', '3', '0.00', '产假', '0', '2019-02-19 20:54:46',
        '2019-02-19 20:54:46', 'admin', 'admin', '0');
INSERT INTO `sys_dict_data`
VALUES ('113501087431921664', '113500643234156544', 'leave', '婚假', '4', '0.00', '婚假', '0', '2019-02-19 20:54:54',
        '2019-02-19 20:54:54', 'admin', 'admin', '0');
INSERT INTO `sys_dict_data`
VALUES ('114108873165508608', '114108805679157248', 'priority', '普通', '1', '0.00', '普通', '0', '2019-02-20 00:38:33',
        '2019-02-20 00:38:33', 'admin', 'admin', '0');
INSERT INTO `sys_dict_data`
VALUES ('114108904014614528', '114108805679157248', 'priority', '重要', '2', '0.00', '重要', '0', '2019-02-20 00:38:40',
        '2019-02-20 00:38:40', 'admin', 'admin', '0');
INSERT INTO `sys_dict_data`
VALUES ('114108942518325248', '114108805679157248', 'priority', '紧急', '3', '0.00', '紧急', '0', '2019-02-20 00:38:50',
        '2019-02-20 00:38:50', 'admin', 'admin', '0');

-- ----------------------------
-- Table structure for `sys_log`
-- ----------------------------
DROP TABLE IF EXISTS `sys_log`;
CREATE TABLE `sys_log`
(
    `id`          varchar(32) NOT NULL COMMENT '主键',
    `title`       varchar(200)     DEFAULT NULL COMMENT '请求标题',
    `type`        int(11)          DEFAULT NULL COMMENT '日志类型',
    `request_uri` varchar(200)     DEFAULT NULL COMMENT '请求地址',
    `method`      varchar(50)      DEFAULT NULL COMMENT '请求方法',
    `params`      varchar(500)     DEFAULT NULL COMMENT '请求参数',
    `user_agent`  varchar(200)     DEFAULT NULL COMMENT '客户端来源',
    `service_id`  varchar(200)     DEFAULT NULL COMMENT '服务id',
    `module_name` varchar(500)     DEFAULT NULL,
    `exception`   varchar(500)     DEFAULT NULL,
    `username`    varchar(200)     DEFAULT NULL COMMENT '用户名',
    `ip`          varchar(200)     DEFAULT NULL COMMENT '请求ip',
    `ip_address`  varchar(200)     DEFAULT NULL COMMENT '归属地',
    `cost_time`   int(11)          DEFAULT NULL COMMENT '执行时间',
    `status`      int(5)           DEFAULT NULL,
    `create_time` timestamp   NULL DEFAULT CURRENT_TIMESTAMP COMMENT '创建时间',
    `update_time` timestamp   NULL DEFAULT CURRENT_TIMESTAMP ON UPDATE CURRENT_TIMESTAMP COMMENT '修改时间',
    `create_by`   varchar(50)      DEFAULT NULL COMMENT '创建人',
    `update_by`   varchar(50)      DEFAULT NULL COMMENT '修改人',
    `is_del`      tinyint(1)       DEFAULT '0' COMMENT '是否删除',
    PRIMARY KEY (`id`)
) ENGINE = InnoDB
  DEFAULT CHARSET = utf8mb4 COMMENT ='系统日志表';

-- ----------------------------
-- Records of sys_log
-- ----------------------------

-- ----------------------------
-- Table structure for `sys_login_config`
-- ----------------------------
DROP TABLE IF EXISTS `sys_login_config`;
CREATE TABLE `sys_login_config`
(
    `id`          varchar(32) NOT NULL COMMENT '主键',
    `bg_video`    varchar(500)     DEFAULT '' COMMENT '背景视频',
    `bg_webm`     varchar(500)     DEFAULT '' COMMENT '背景webm',
    `bg_img`      varchar(500)     DEFAULT '' COMMENT '背景图片',
    `is_bg`       int(1)           DEFAULT '0' COMMENT '是否是背景',
    `create_time` timestamp   NULL DEFAULT CURRENT_TIMESTAMP COMMENT '创建时间',
    `update_time` timestamp   NULL DEFAULT CURRENT_TIMESTAMP ON UPDATE CURRENT_TIMESTAMP COMMENT '修改时间',
    `create_by`   varchar(50)      DEFAULT NULL COMMENT '创建人',
    `update_by`   varchar(50)      DEFAULT NULL COMMENT '修改人',
    `is_del`      tinyint(1)       DEFAULT '0' COMMENT '是否删除',
    PRIMARY KEY (`id`)
) ENGINE = InnoDB
  DEFAULT CHARSET = utf8mb4 COMMENT ='登录背景配置表';

-- ----------------------------
-- Records of sys_login_config
-- ----------------------------
INSERT INTO `sys_login_config`
VALUES ('173983784293634048',
        'https://hswe.oss-cn-beijing.aliyuncs.com/mycloud-admin/201908141641-eeafdf1f3faf4902af1db21dd2277c9a.mp4?Expires=4719372081&OSSAccessKeyId=LTAIG3y86uEF0V8Q&Signature=zUT3uB1sXj8HqMUhHewzS2WWTR8%3D',
        '',
        'https://hswe.oss-cn-beijing.aliyuncs.com/mycloud-admin/201908141641-fdd7e20e12964736a079251b41bb1208.jpg?Expires=4719372082&OSSAccessKeyId=LTAIG3y86uEF0V8Q&Signature=013sMw7eV10dCjsTBZc%2FblBe1V0%3D',
        '1', '2019-08-14 16:41:25', '2019-09-12 10:20:28', 'admin', null, '0');
INSERT INTO `sys_login_config`
VALUES ('173984106449735680',
        'https://hswe.oss-cn-beijing.aliyuncs.com/mycloud-admin/201908141642-7f66ec456a034db1850c4ed461b7c494.mp4?Expires=4719372158&OSSAccessKeyId=LTAIG3y86uEF0V8Q&Signature=2CtoWgJoVmRi%2Bu7jVUbPjrnKzGE%3D',
        '',
        'https://hswe.oss-cn-beijing.aliyuncs.com/mycloud-admin/201908141642-c4dbdb8315414b328531aa73bd64c0e1.jpg?Expires=4719372155&OSSAccessKeyId=LTAIG3y86uEF0V8Q&Signature=Tp3MRZENIqN6u9xQfHfsdgTY5LM%3D',
        '0', '2019-08-14 16:42:42', '2019-08-15 14:25:18', 'admin', null, '0');
INSERT INTO `sys_login_config`
VALUES ('174311014840406016',
        'https://hswe.oss-cn-beijing.aliyuncs.com/mycloud-admin/201908151421-5154512a50f3421a85adb7f7abb0ffcf.mp4?Expires=4719450096&OSSAccessKeyId=LTAIG3y86uEF0V8Q&Signature=DZNMXWYzhbQqlhRROqnd1mirEWU%3D',
        '',
        'https://hswe.oss-cn-beijing.aliyuncs.com/mycloud-admin/201908151421-6a2b500b9e234ab0ab2bafb3cde606af.jpg?Expires=4719450101&OSSAccessKeyId=LTAIG3y86uEF0V8Q&Signature=7sWVONePH%2BNA2lcSenJI8mhrYUM%3D',
        '0', '2019-08-15 14:21:44', '2019-09-11 14:13:17', 'admin', null, '0');
INSERT INTO `sys_login_config`
VALUES ('174314350352273408',
        'https://hswe.oss-cn-beijing.aliyuncs.com/mycloud-admin/201908151434-8a5d35bb8a6349d3b1983e4680b2fdb2.mp4?Expires=4719450896&OSSAccessKeyId=LTAIG3y86uEF0V8Q&Signature=zNJKMeFPOHiq%2BJyE%2FTaKea9W4rU%3D',
        '',
        'https://hswe.oss-cn-beijing.aliyuncs.com/mycloud-admin/201908151434-8455715ccef747c589111caf2fc6b126.jpg?Expires=4719450890&OSSAccessKeyId=LTAIG3y86uEF0V8Q&Signature=Xnx9rqXEVrwU4VrNpyz4MzFjyCg%3D',
        '0', '2019-08-15 14:34:59', '2019-09-12 10:20:28', 'admin', null, '0');
INSERT INTO `sys_login_config`
VALUES ('174315119642152960',
        'https://hswe.oss-cn-beijing.aliyuncs.com/mycloud-admin/201908151437-00318108e4ad43eb8efb9a31a09f18e1.mp4?Expires=4719451072&OSSAccessKeyId=LTAIG3y86uEF0V8Q&Signature=6TLHUoM1g9nk0XGJ99IWqZf%2BBsQ%3D',
        'https://hswe.oss-cn-beijing.aliyuncs.com/mycloud-admin/201908151437-a76c28769687462f852e9b703dddbeeb.webm?Expires=4719451077&OSSAccessKeyId=LTAIG3y86uEF0V8Q&Signature=dKDEtUwfYKW6seJCnecNKAVzcI8%3D',
        'https://hswe.oss-cn-beijing.aliyuncs.com/mycloud-admin/201908151437-fcb828e13a9f4c218a6070e0e6e29669.jpg?Expires=4719451068&OSSAccessKeyId=LTAIG3y86uEF0V8Q&Signature=2aM6aCyeXFYm10nYI%2Fn7UlrdRGI%3D',
        '0', '2019-08-15 14:38:03', '2019-08-15 14:38:03', 'admin', null, '0');
